experiment_id,preprocessing,vectorization,sampling,model,accuracy,f1_score,precision,recall,f1_toxic,f1_non_toxic,best_threshold,accuracy_tuned,f1_tuned,precision_tuned,recall_tuned,duration_seconds,timestamp,error
1,minimal,tfidf_basic,none,Logistic Regression (Balanced),0.9263861461339815,0.731464036351546,0.6252368321333839,0.8811748998664887,0.731464036351546,0.9573468058513915,0.7500000000000002,0.9528786267659122,0.7876215254005203,0.80831928049466,0.7679572763684913,0.65033,2025-10-02 23:58:17,
2,minimal,tfidf_basic,none,Logistic Regression (C=0.1),0.915145070636488,0.6990626010128219,0.5859826589595376,0.8662216288384512,0.6990626010128219,0.9506092061751755,0.6500000000000001,0.9447060610663831,0.7555734622616169,0.7600648473385572,0.7511348464619493,0.399746,2025-10-02 23:58:17,
3,minimal,tfidf_basic,none,Logistic Regression (C=10),0.9230745860549902,0.7219415769822095,0.6131318783808991,0.8777036048064085,0.7219415769822095,0.9553628093928496,0.8500000000000002,0.9545799787331004,0.7897031931354621,0.834423305588585,0.7495327102803738,0.947647,2025-10-02 23:58:18,
4,minimal,tfidf_basic,none,Random Forest (100 trees),0.9343764241227404,0.6247394023627519,0.8940825459970164,0.4801068090787717,0.6247394023627519,0.9640443453074541,0.25000000000000006,0.9359562509494151,0.7258777633289987,0.7074778200253485,0.7452603471295061,112.842016,2025-10-03 00:00:11,
5,minimal,tfidf_basic,none,Random Forest (200 trees),0.8082029469846574,0.475620898745743,0.34518929346515553,0.7644859813084112,0.475620898745743,0.8826383595768809,0.6000000000000002,0.9154185022026432,0.5812274368231047,0.6655184292111609,0.5158878504672897,26.074765,2025-10-03 00:00:37,
6,minimal,tfidf_basic,none,Naive Bayes,0.9433085219504785,0.6814612495732332,0.9446284902981543,0.532977303070761,0.6814612495732332,0.9688854798906156,0.30000000000000004,0.9461339814674161,0.7412811907193929,0.8172458172458172,0.678237650200267,0.148446,2025-10-03 00:00:37,
7,minimal,tfidf_basic,none,Naive Bayes (alpha=0.1),0.9439161476530458,0.6877537212449256,0.9381633594831564,0.5428571428571428,0.6877537212449256,0.9691912280116158,0.30000000000000004,0.9446452984961264,0.7375396139441083,0.8007507037847983,0.6835781041388518,0.153782,2025-10-03 00:00:37,
8,minimal,tfidf_basic,none,XGBoost,0.9530609144766824,0.7544891148895598,0.9317111459968603,0.6339118825100134,0.7544891148895598,0.9740497505752725,0.25000000000000006,0.9534862524684794,0.7857842451378201,0.8253968253968254,0.7497997329773031,33.069038,2025-10-03 00:01:11,
9,minimal,tfidf_basic,none,XGBoost (Tuned),0.9494759228315358,0.7269742242653094,0.9437340153452686,0.5911882510013351,0.7269742242653094,0.9721622390733022,0.25000000000000006,0.9528178641956555,0.7770279971284997,0.8403726708074534,0.7225634178905207,64.452653,2025-10-03 00:02:15,
10,minimal,tfidf_basic,none,LightGBM,0.9536685401792496,0.7593498500867919,0.9282407407407407,0.642456608811749,0.7593498500867919,0.9743667322205973,0.25000000000000006,0.9534558711833511,0.7881637168141593,0.8173214797820476,0.7610146862483311,18.499323,2025-10-03 00:02:33,
11,minimal,tfidf_basic,none,LightGBM (Tuned),0.9499316421084611,0.7291255752794215,0.9482684908080377,0.5922563417890521,0.7291255752794215,0.9724165634519466,0.25000000000000006,0.9535166337536077,0.7801724137931034,0.8444790046656299,0.7249666221628839,18.098816,2025-10-03 00:02:52,
12,minimal,tfidf_basic,random_oversample,Logistic Regression (Balanced),0.9272064408324472,0.733125417687681,0.6288935600993694,0.8787716955941255,0.733125417687681,0.9578554844156758,0.8000000000000002,0.9553091295761811,0.7913771096298398,0.8439201451905626,0.7449933244325768,1.73237,2025-10-03 00:02:53,
13,minimal,tfidf_basic,random_oversample,Logistic Regression (C=0.1),0.9201883639677958,0.7134911113534737,0.6030604719764012,0.8734312416555408,0.7134911113534737,0.9536365401246006,0.7000000000000002,0.9488682971289686,0.7660875608061154,0.7988405797101449,0.7359145527369827,1.065206,2025-10-03 00:02:54,
14,minimal,tfidf_basic,random_oversample,Logistic Regression (C=10),0.9228315357739633,0.7194610117075326,0.6134865323036354,0.8696929238985314,0.7194610117075326,0.9552627870931379,0.8500000000000002,0.9538204466048914,0.7876501816149762,0.8259595663639028,0.7527369826435247,1.534963,2025-10-03 00:02:56,
15,minimal,tfidf_basic,random_oversample,Random Forest (100 trees),0.9385082789001975,0.6725978647686833,0.8530980713992614,0.5551401869158878,0.6725978647686833,0.9660675965665236,0.3500000000000001,0.9379310344827586,0.7243287005802186,0.7321331151118385,0.7166889185580775,289.131168,2025-10-03 00:07:45,
16,minimal,tfidf_basic,random_oversample,Random Forest (200 trees),0.8033419413641197,0.47625212395824906,0.3416531228233109,0.7858477970627503,0.47625212395824906,0.8789437265059565,0.6000000000000002,0.9163907033267508,0.5938606847697757,0.6638073243154075,0.5372496662216288,53.461132,2025-10-03 00:08:39,
17,minimal,tfidf_basic,random_oversample,Naive Bayes,0.880054686313231,0.6224899598393574,0.4848800834202294,0.8691588785046729,0.6224899598393574,0.9287004262081918,0.7500000000000002,0.9430047090991949,0.736294630306438,0.7773820124666073,0.6993324432576769,0.220968,2025-10-03 00:08:39,
18,minimal,tfidf_basic,random_oversample,Naive Bayes (alpha=0.1),0.8804800243050281,0.6225292650163117,0.48584693724726674,0.8662216288384512,0.6225292650163117,0.9289994224660699,0.8000000000000002,0.9465593194592131,0.7349706192556879,0.8433609958506224,0.6512683578104139,0.197109,2025-10-03 00:08:39,
19,minimal,tfidf_basic,random_oversample,XGBoost,0.9246240315965365,0.7106030561063805,0.6309030654515327,0.8133511348464619,0.7106030561063805,0.9566690535655029,0.6500000000000001,0.9487771532735835,0.7638655462184873,0.803240058910162,0.7281708945260347,39.179444,2025-10-03 00:09:18,
20,minimal,tfidf_basic,random_oversample,XGBoost (Tuned),0.9207352271001064,0.6993200414889938,0.6151662611516626,0.8101468624833111,0.6993200414889938,0.9543506027680086,0.6500000000000001,0.9474707580130639,0.7515447621784739,0.813627878033603,0.69826435246996,73.959433,2025-10-03 00:10:32,
21,minimal,tfidf_basic,random_oversample,LightGBM,0.922983442199605,0.7118990794408455,0.6197071626434507,0.8363150867823765,0.7118990794408455,0.9555504900843401,0.7000000000000002,0.9524532887741152,0.7758200830826529,0.8368355995055624,0.7230974632843792,23.480927,2025-10-03 00:10:56,
22,minimal,tfidf_basic,random_oversample,LightGBM (Tuned),0.9201276013975391,0.6977813541786412,0.612636253532499,0.8104138851802403,0.6977813541786412,0.9539829514624285,0.6500000000000001,0.947896096004861,0.7539101736260583,0.8148263027295285,0.7014686248331108,24.422781,2025-10-03 00:11:20,
23,minimal,tfidf_basic,random_undersample,Logistic Regression (Balanced),0.9146589700744342,0.7005649717514124,0.5830376153300213,0.8774365821094793,0.7005649717514124,0.9502382681712697,0.7000000000000002,0.9476834270089625,0.7666666666666667,0.7782668500687758,0.755407209612817,0.223135,2025-10-03 00:11:20,
24,minimal,tfidf_basic,random_undersample,Logistic Regression (C=0.1),0.8929971137779128,0.6418547895057962,0.518311709640335,0.8427236315086782,0.6418547895057962,0.9371026501892993,0.6500000000000001,0.9365942579371107,0.7022399771722072,0.7539828431372549,0.6571428571428571,0.177399,2025-10-03 00:11:21,
25,minimal,tfidf_basic,random_undersample,Logistic Regression (C=10),0.9087346194744038,0.6883170782319984,0.5628712031223485,0.8857142857142857,0.6883170782319984,0.9465404328018223,0.8500000000000002,0.9510253683730822,0.7739764441951766,0.8148804251550045,0.7369826435246996,0.252902,2025-10-03 00:11:21,
26,minimal,tfidf_basic,random_undersample,Random Forest (100 trees),0.8798420173173325,0.6100759144237405,0.48358862144420134,0.8261682242990654,0.6100759144237405,0.9289780379621815,0.6500000000000001,0.9242898374601246,0.6594698004919377,0.6753428491463755,0.6443257676902536,11.401974,2025-10-03 00:11:32,
27,minimal,tfidf_basic,random_undersample,Random Forest (200 trees),0.7889412122132766,0.47335304374194526,0.33051026889688756,0.8336448598130841,0.47335304374194526,0.8680256083892172,0.6000000000000002,0.915904602764697,0.6074872376630743,0.6477169640157242,0.5719626168224299,3.980038,2025-10-03 00:11:36,
28,minimal,tfidf_basic,random_undersample,Naive Bayes,0.8748898678414097,0.6162877376071562,0.47330757120366396,0.8830440587449934,0.6162877376071562,0.9252604450252278,0.7500000000000002,0.9439769102233024,0.736947218259629,0.7911179173047473,0.6897196261682244,0.136328,2025-10-03 00:11:36,
29,minimal,tfidf_basic,random_undersample,Naive Bayes (alpha=0.1),0.8754367309737202,0.615168012014267,0.4743088724851643,0.8750333778371161,0.615168012014267,0.9256923299985501,0.7500000000000002,0.9422451769709859,0.735935546603695,0.7669368847712796,0.7073431241655541,0.129716,2025-10-03 00:11:36,
30,minimal,tfidf_basic,random_undersample,XGBoost,0.9127449491113474,0.6875543951261966,0.5801358545988617,0.8437917222963952,0.6875543951261966,0.9492919947738268,0.7000000000000002,0.9473188515874221,0.757753562447611,0.7946088485203633,0.7241655540720962,11.206449,2025-10-03 00:11:48,
31,minimal,tfidf_basic,random_undersample,XGBoost (Tuned),0.912289229834422,0.6821534735219641,0.5803671787186212,0.8272363150867824,0.6821534735219641,0.9491250638800289,0.6500000000000001,0.9461036001822877,0.7536111111111111,0.7852387843704776,0.7244325767690254,22.499578,2025-10-03 00:12:10,
32,minimal,tfidf_basic,random_undersample,LightGBM,0.9187908248518912,0.7046082440048624,0.6010558069381599,0.8512683578104139,0.7046082440048624,0.9529243937232525,0.7000000000000002,0.9507519368069269,0.7755158565295666,0.8055235903337169,0.7476635514018691,4.881701,2025-10-03 00:12:15,
33,minimal,tfidf_basic,random_undersample,LightGBM (Tuned),0.9140817256569953,0.686265808741957,0.5870184095653824,0.8259012016021362,0.686265808741957,0.9502252886510842,0.7000000000000002,0.9495670666869208,0.7547281323877069,0.8448561032087331,0.6819759679572763,4.552,2025-10-03 00:12:20,
34,minimal,tfidf_basic,smote,Logistic Regression (Balanced),0.9090991948959442,0.6787631522439339,0.5676063925300772,0.8440587449933245,0.6787631522439339,0.9470592398612783,0.8500000000000002,0.952027950782318,0.7658312323891443,0.8612408272181454,0.6894526034712951,1.464114,2025-10-03 00:12:28,
35,minimal,tfidf_basic,smote,Logistic Regression (C=0.1),0.887285432173781,0.6241896272285251,0.5028562102170719,0.8226969292389853,0.6241896272285251,0.9337002752064048,0.7500000000000002,0.9426097523925262,0.7237900277818394,0.7999353587588882,0.6608811748998665,0.73325,2025-10-03 00:12:29,
36,minimal,tfidf_basic,smote,Logistic Regression (C=10),0.9138082940908401,0.6918648854132725,0.5831197363603076,0.8504672897196262,0.6918648854132725,0.9498966850926303,0.8500000000000002,0.9507519368069269,0.7752668792458062,0.8062283737024222,0.7465954606141522,1.865587,2025-10-03 00:12:31,
37,minimal,tfidf_basic,smote,Random Forest (100 trees),0.928786267659122,0.6373762376237624,0.7576314821625597,0.5500667556742324,0.6373762376237624,0.9605161203382407,0.40000000000000013,0.9248063193073067,0.6707463083676999,0.6683457051961824,0.6731642189586114,321.051922,2025-10-03 00:17:52,
38,minimal,tfidf_basic,smote,Random Forest (200 trees),0.827950782318092,0.46761304879195265,0.3608531630876378,0.6640854472630173,0.46761304879195265,0.897396408964905,0.6000000000000002,0.8927844447820142,0.4977942222854703,0.5329067641681902,0.467022696929239,54.390086,2025-10-03 00:18:46,
39,minimal,tfidf_basic,smote,Naive Bayes,0.8956099042989518,0.6470104787343333,0.5257972950409083,0.8408544726301735,0.6470104787343333,0.9387478608100399,0.7500000000000002,0.9443414856448428,0.7331002331002331,0.8066688041038794,0.6718291054739652,0.164324,2025-10-03 00:18:46,
40,minimal,tfidf_basic,smote,Naive Bayes (alpha=0.1),0.8959744797204922,0.6467918299979368,0.5269793242561776,0.8371161548731643,0.6467918299979368,0.9390052729086504,0.7500000000000002,0.9440680540786875,0.7326071169208425,0.8031847133757962,0.6734312416555407,0.159046,2025-10-03 00:18:46,
41,minimal,tfidf_basic,smote,XGBoost,0.9231961111955036,0.6891293654697491,0.6387052655573284,0.7481975967957276,0.6891293654697491,0.9561856563485736,0.6000000000000002,0.9406349688591827,0.7236990950226244,0.7691614066726781,0.6833110814419225,45.257091,2025-10-03 00:19:32,
42,minimal,tfidf_basic,smote,XGBoost (Tuned),0.9139602005164819,0.6596971881759193,0.5997378195324449,0.732977303070761,0.6596971881759193,0.9507546776100716,0.6000000000000002,0.9384171350448124,0.7093906810035843,0.7659442724458204,0.6606141522029373,94.290755,2025-10-03 00:21:06,
43,minimal,tfidf_basic,smote,LightGBM,0.9267203402703934,0.7011152416356877,0.6541040462427745,0.755407209612817,0.7011152416356877,0.9582409972299168,0.7000000000000002,0.9464074130335713,0.7321591254175523,0.8486448433650123,0.6437917222963951,27.872164,2025-10-03 00:21:34,
44,minimal,tfidf_basic,smote,LightGBM (Tuned),0.9079447060610664,0.64751046998604,0.5736961451247166,0.7431241655540721,0.64751046998604,0.9470594401928923,0.6000000000000002,0.9360170135196719,0.7061121964833939,0.7395498392282959,0.6755674232309746,27.089364,2025-10-03 00:22:01,
45,minimal,tfidf_bigram,none,Logistic Regression (Balanced),0.9151146893513595,0.6980112408127972,0.586344652260759,0.8622162883845127,0.6980112408127972,0.9506168475379123,0.7500000000000002,0.9469238948807535,0.7611103514289621,0.7799887892376681,0.7431241655540721,1.083174,2025-10-03 00:22:25,
46,minimal,tfidf_bigram,none,Logistic Regression (C=0.1),0.9073674616436275,0.6775933171195939,0.5609243697478992,0.8555407209612818,0.6775933171195939,0.9459138239937559,0.7000000000000002,0.943521190946377,0.734845243189274,0.7887323943661971,0.6878504672897197,0.481978,2025-10-03 00:22:25,
47,minimal,tfidf_bigram,none,Logistic Regression (C=10),0.9121373234087802,0.6897661446041622,0.576474807244038,0.8584779706275033,0.6897661446041622,0.9488214058186452,0.8000000000000002,0.9474707580130639,0.7651134356745007,0.7787610619469026,0.751935914552737,1.210994,2025-10-03 00:22:27,
48,minimal,tfidf_bigram,none,Random Forest (100 trees),0.933920704845815,0.6250646440268919,0.8818093385214008,0.48411214953271026,0.6250646440268919,0.9637675123690217,0.30000000000000004,0.9376879842017317,0.7172984148862853,0.7413105413105413,0.6947930574098798,146.977095,2025-10-03 00:24:54,
49,minimal,tfidf_bigram,none,Random Forest (200 trees),0.8024001215251405,0.46932114882506526,0.3379156385853601,0.7679572763684913,0.46932114882506526,0.8785978273042894,0.6000000000000002,0.9109828345739025,0.5765895953757225,0.6283464566929133,0.5327102803738317,32.939512,2025-10-03 00:25:26,
50,minimal,tfidf_bigram,none,Naive Bayes,0.9401792495822573,0.6679035250463822,0.9065934065934066,0.5287049399198932,0.6679035250463822,0.9671290963422982,0.30000000000000004,0.9384171350448124,0.7129301798612094,0.7590470446320868,0.6720961281708945,0.159652,2025-10-03 00:25:27,
51,minimal,tfidf_bigram,none,Naive Bayes (alpha=0.1),0.9403311560078992,0.6725575191730577,0.8952507767421216,0.538584779706275,0.6725575191730577,0.9671747559834203,0.3500000000000001,0.9404222998632842,0.7095245148866834,0.7967398536260811,0.6395193591455274,0.182137,2025-10-03 00:25:27,
52,minimal,tfidf_bigram,none,XGBoost,0.9504785052407717,0.7402804333970682,0.9178190438561833,0.6202937249666222,0.7402804333970682,0.9726298821237869,0.30000000000000004,0.9511468935135956,0.7669565217391304,0.8386687797147385,0.7065420560747664,40.495442,2025-10-03 00:26:07,
53,minimal,tfidf_bigram,none,XGBoost (Tuned),0.9482910527115297,0.7197892657227527,0.9386002576212967,0.5837116154873164,0.7197892657227527,0.9715175045183747,0.25000000000000006,0.9491721099802521,0.7622566434560182,0.8147023086269745,0.716154873164219,83.981089,2025-10-03 00:27:31,
54,minimal,tfidf_bigram,none,LightGBM,0.9509038432325687,0.7438173747622068,0.9153335934451814,0.6264352469959946,0.7438173747622068,0.9728503746513893,0.30000000000000004,0.9505696490961568,0.7679361004136357,0.8242498469075321,0.7188251001335113,25.459578,2025-10-03 00:27:57,
55,minimal,tfidf_bigram,none,LightGBM (Tuned),0.9490505848397387,0.724766125061546,0.9403747870528109,0.5895861148197596,0.724766125061546,0.9719269464485997,0.25000000000000006,0.9492024912653805,0.7633739031984149,0.8121047877145439,0.7201602136181575,25.713706,2025-10-03 00:28:22,
56,minimal,tfidf_bigram,random_oversample,Logistic Regression (Balanced),0.915904602764697,0.6989340874483359,0.5896494769682511,0.8579439252336448,0.6989340874483359,0.9511264919838972,0.8500000000000002,0.9512380373689807,0.7620459599703484,0.8566666666666667,0.6862483311081442,1.636991,2025-10-03 00:28:24,
57,minimal,tfidf_bigram,random_oversample,Logistic Regression (C=0.1),0.9105574965821054,0.6852683344023947,0.5714031021572473,0.855807743658211,0.6852683344023947,0.9478716622990296,0.7000000000000002,0.9439465289381741,0.7450601077794666,0.7720504009163803,0.7198931909212283,0.778715,2025-10-03 00:28:25,
58,minimal,tfidf_bigram,random_oversample,Logistic Regression (C=10),0.912957618107246,0.6911051212938005,0.5795660036166366,0.855807743658211,0.6911051212938005,0.9493413491291663,0.8500000000000002,0.9489594409843536,0.7649034424853065,0.8035871802411055,0.7297730307076101,2.45684,2025-10-03 00:28:27,
59,minimal,tfidf_bigram,random_oversample,Random Forest (100 trees),0.937293027495063,0.6741395642563941,0.824642719196601,0.5700934579439252,0.6741395642563941,0.9653085921742638,0.3500000000000001,0.9344675679781255,0.7157728290947424,0.7065556711758585,0.7252336448598131,342.845607,2025-10-03 00:34:10,
60,minimal,tfidf_bigram,random_oversample,Random Forest (200 trees),0.7954428072307459,0.4692156089869925,0.33288590604026846,0.7946595460614152,0.4692156089869925,0.8733088719540879,0.6000000000000002,0.9156311711985416,0.5967765355016698,0.6540420114576703,0.5487316421895861,59.887303,2025-10-03 00:35:10,
61,minimal,tfidf_bigram,random_oversample,Naive Bayes,0.8630107853562206,0.5873524297611421,0.4468114731272626,0.8568758344459279,0.5873524297611421,0.9178733402546309,0.8000000000000002,0.9399361993012304,0.7093929148904895,0.7890778286461739,0.6443257676902536,0.189264,2025-10-03 00:35:10,
62,minimal,tfidf_bigram,random_oversample,Naive Bayes (alpha=0.1),0.8640133677654565,0.5888296895094617,0.4488166923400084,0.855807743658211,0.5888296895094617,0.9185352358765289,0.8000000000000002,0.9397842928755886,0.7094693638229258,0.7864803379915503,0.6461949265687583,0.179176,2025-10-03 00:35:11,
63,minimal,tfidf_bigram,random_oversample,XGBoost,0.9187604435667629,0.6946791504909797,0.6068222621184919,0.812283044058745,0.6946791504909797,0.9531469021586768,0.6500000000000001,0.945708643475619,0.7531426992678547,0.7801946193474528,0.7279038718291054,45.061529,2025-10-03 00:35:56,
64,minimal,tfidf_bigram,random_oversample,XGBoost (Tuned),0.9159349840498253,0.6853894258101194,0.5968316831683168,0.8048064085447263,0.6853894258101194,0.9514859296922942,0.6500000000000001,0.9454959744797204,0.7462517680339462,0.7933834586466165,0.7044058744993325,89.340369,2025-10-03 00:37:25,
65,minimal,tfidf_bigram,random_oversample,LightGBM,0.9164210846118791,0.6932084309133489,0.5951742627345844,0.8299065420560747,0.6932084309133489,0.9516205617009303,0.7000000000000002,0.9481391462858879,0.7605554776265956,0.8011229314420804,0.7238985313751669,37.08059,2025-10-03 00:38:02,
66,minimal,tfidf_bigram,random_oversample,LightGBM (Tuned),0.9168768038888045,0.6886663632225762,0.6000396589331747,0.8080106809078772,0.6886663632225762,0.9520353423792994,0.7000000000000002,0.9481999088561446,0.745787982704637,0.8443619176232275,0.6678237650200267,37.433172,2025-10-03 00:38:39,
67,minimal,tfidf_bigram,random_undersample,Logistic Regression (Balanced),0.9041470454200212,0.6720033267491423,0.5502213142662581,0.8630173564753004,0.6720033267491423,0.9438721958335557,0.7000000000000002,0.9403919185781558,0.7383302213923713,0.7375432986943778,0.7391188251001335,0.214277,2025-10-03 00:38:40,
68,minimal,tfidf_bigram,random_undersample,Logistic Regression (C=0.1),0.8894425034178945,0.6308956283598742,0.5086686293752044,0.8304405874499332,0.6308956283598742,0.9349841882403388,0.6500000000000001,0.9337991797053016,0.6897337320233519,0.7388651616839537,0.6467289719626168,0.162325,2025-10-03 00:38:40,
69,minimal,tfidf_bigram,random_undersample,Logistic Regression (C=10),0.8937870271912501,0.65005005005005,0.5199359487590072,0.867022696929239,0.65005005005005,0.9373925501432665,0.8500000000000002,0.9444630107853562,0.7455456570155902,0.7787147426577493,0.715086782376502,0.376596,2025-10-03 00:38:40,
70,minimal,tfidf_bigram,random_undersample,Random Forest (100 trees),0.8737049977214036,0.5972289506830734,0.46867396593673966,0.8229639519359145,0.5972289506830734,0.9251112432218199,0.6500000000000001,0.921130183806775,0.6553372278279341,0.6517031951412727,0.6590120160213618,13.020739,2025-10-03 00:38:53,
71,minimal,tfidf_bigram,random_undersample,Random Forest (200 trees),0.7870271912501898,0.4726944486234391,0.32903969001989736,0.8389853137516688,0.4726944486234391,0.8665676869194457,0.6000000000000002,0.9193073066990733,0.6228344220391934,0.6651501364877161,0.5855807743658211,4.587104,2025-10-03 00:38:58,
72,minimal,tfidf_bigram,random_undersample,Naive Bayes,0.8573294850372171,0.5798890678117731,0.43602852145836135,0.8654205607476636,0.5798890678117731,0.9140745077947742,0.8000000000000002,0.9393285735986632,0.7047168416383262,0.7895957587806495,0.6363150867823765,0.130502,2025-10-03 00:38:58,
73,minimal,tfidf_bigram,random_undersample,Naive Bayes (alpha=0.1),0.8614613398146742,0.585379159847245,0.4438163518544051,0.8595460614152203,0.585379159847245,0.916836883571637,0.8000000000000002,0.9388728543217378,0.7076431269979657,0.7762193178195729,0.650200267022697,0.127637,2025-10-03 00:38:58,
74,minimal,tfidf_bigram,random_undersample,XGBoost,0.903448275862069,0.6633474576271187,0.5497805092186128,0.8360480640854473,0.6633474576271187,0.9436424898031566,0.7500000000000002,0.9457694060458758,0.7448177269478199,0.8015384615384615,0.6955941255006676,17.204051,2025-10-03 00:39:15,
75,minimal,tfidf_bigram,random_undersample,XGBoost (Tuned),0.9068509797964454,0.6676062445793582,0.5619638620186166,0.8221628838451268,0.6676062445793582,0.9458361304455358,0.7000000000000002,0.9450098739176667,0.7418710781517399,0.7961432506887053,0.6945260347129506,34.265059,2025-10-03 00:39:50,
76,minimal,tfidf_bigram,random_undersample,LightGBM,0.9085523317636336,0.677038626609442,0.5659192825112107,0.842456608811749,0.677038626609442,0.9467350911343125,0.7500000000000002,0.9476226644387058,0.7544159544159544,0.8085496183206107,0.7070761014686249,6.730998,2025-10-03 00:39:56,
77,minimal,tfidf_bigram,random_undersample,LightGBM (Tuned),0.9087042381892754,0.6729785613233213,0.5679647318148421,0.825634178905207,0.6729785613233213,0.9469465581469254,0.7000000000000002,0.9451617803433086,0.7424004566861709,0.7973635806253832,0.6945260347129506,6.317651,2025-10-03 00:40:03,
78,minimal,tfidf_bigram,smote,Logistic Regression (Balanced),0.9002582409235911,0.654093351596249,0.5402018795683954,0.8288384512683578,0.654093351596249,0.9417277551962229,0.8500000000000002,0.9480176211453745,0.7432858214553638,0.8482876712328767,0.661415220293725,1.350945,2025-10-03 00:40:11,
79,minimal,tfidf_bigram,smote,Logistic Regression (C=0.1),0.8831231961111955,0.6120802662095391,0.49173687621516526,0.8104138851802403,0.6120802662095391,0.9311966805572943,0.7500000000000002,0.9375968403463466,0.6990917081746264,0.774423888347939,0.6371161548731642,0.860491,2025-10-03 00:40:12,
80,minimal,tfidf_bigram,smote,Logistic Regression (C=10),0.903539419717454,0.6609717031500267,0.550711743772242,0.8264352469959947,0.6609717031500267,0.9437704772868148,0.8500000000000002,0.9461643627525445,0.751123595505618,0.7922962962962963,0.7140186915887851,1.524702,2025-10-03 00:40:14,
81,minimal,tfidf_bigram,smote,Random Forest (100 trees),0.9290596992252772,0.6333804364892448,0.7686737804878049,0.538584779706275,0.6333804364892448,0.9607305628899615,0.40000000000000013,0.9264165274191098,0.6720823178987273,0.681680856907443,0.6627503337783711,388.386725,2025-10-03 00:46:42,
82,minimal,tfidf_bigram,smote,Random Forest (200 trees),0.818259152362145,0.46040050514162006,0.34763656177632474,0.6814419225634178,0.46040050514162006,0.8907277509864094,0.6000000000000002,0.8849764545040255,0.4903069466882068,0.49443388541949496,0.4862483311081442,69.696741,2025-10-03 00:47:52,
83,minimal,tfidf_bigram,smote,Naive Bayes,0.8828497645450403,0.6166235832173395,0.49120861713923647,0.8280373831775701,0.6166235832173395,0.9308613641253676,0.7500000000000002,0.9371411210694213,0.7066496526300865,0.7533252720677146,0.6654205607476635,0.176425,2025-10-03 00:47:52,
84,minimal,tfidf_bigram,smote,Naive Bayes (alpha=0.1),0.883578915388121,0.6174121405750799,0.49306330728751396,0.825634178905207,0.6174121405750799,0.9313433905471745,0.7500000000000002,0.9368373082181376,0.7054823629409265,0.7513578756789379,0.664886515353805,0.17121,2025-10-03 00:47:52,
85,minimal,tfidf_bigram,smote,XGBoost,0.9227403919185782,0.6845304552785014,0.6392493049119555,0.7367156208277703,0.6845304552785014,0.9559798507850231,0.6000000000000002,0.9413033571320066,0.7230504587155964,0.780563293098112,0.6734312416555407,53.717988,2025-10-03 00:48:46,
86,minimal,tfidf_bigram,smote,XGBoost (Tuned),0.9117727479872398,0.6546146527117032,0.590177996997641,0.7348464619492657,0.6546146527117032,0.9494270488662881,0.6000000000000002,0.9386905666109676,0.7073665893271461,0.7740399873056173,0.6512683578104139,110.393064,2025-10-03 00:50:36,
87,minimal,tfidf_bigram,smote,LightGBM,0.9245328877411515,0.6903515332834704,0.6474164133738601,0.7393858477970627,0.6903515332834704,0.9570301688347633,0.6000000000000002,0.940148868297129,0.7213578500707214,0.7669172932330827,0.6809078771695594,41.953454,2025-10-03 00:51:18,
88,minimal,tfidf_bigram,smote,LightGBM (Tuned),0.9063344979492632,0.6408015845275544,0.5684167011161637,0.7343124165554072,0.6408015845275544,0.9461456495536884,0.6500000000000001,0.9389336168919945,0.7005363528009535,0.7923828783282777,0.6277703604806408,40.470152,2025-10-03 00:51:59,
89,minimal,tfidf_trigram,none,Logistic Regression (Balanced),0.925079750873462,0.7253285809757184,0.6222052360022932,0.8694259012016021,0.7253285809757184,0.9566242172658833,0.7500000000000002,0.951268418654109,0.778941565600882,0.8048988892053546,0.7546061415220294,0.875091,2025-10-03 00:52:58,
90,minimal,tfidf_trigram,none,Logistic Regression (C=0.1),0.9099802521646666,0.6838117596841319,0.5694987557767508,0.8555407209612818,0.6838117596841319,0.9475194388848545,0.6500000000000001,0.9417894576940604,0.7420570813139472,0.748303013847407,0.7359145527369827,0.816697,2025-10-03 00:52:59,
91,minimal,tfidf_trigram,none,Logistic Regression (C=10),0.9231353486252468,0.7170655334377097,0.6168943621319992,0.8560747663551402,0.7170655334377097,0.9555266488538884,0.8500000000000002,0.9520887133525748,0.7782932658512582,0.8218527315914489,0.7391188251001335,1.978541,2025-10-03 00:53:01,
92,minimal,tfidf_trigram,none,Random Forest (100 trees),0.934680236974024,0.6272538141470181,0.8942165101334651,0.48304405874499334,0.6272538141470181,0.9642036562219041,0.30000000000000004,0.9392070484581497,0.7224302954640033,0.7517321016166282,0.6953271028037383,172.04939,2025-10-03 00:55:53,
93,minimal,tfidf_trigram,none,Random Forest (200 trees),0.7806167400881058,0.4479779833346074,0.3138389031705227,0.7823765020026703,0.4479779833346074,0.863106409600182,0.6000000000000002,0.9093422451769709,0.5639976621858562,0.622781542433043,0.5153538050734312,29.187077,2025-10-03 00:56:22,
94,minimal,tfidf_trigram,none,Naive Bayes,0.9423970833966276,0.6926070038910506,0.8815517952950888,0.5703604806408544,0.6926070038910506,0.9682209781770641,0.3500000000000001,0.9416983138386754,0.7251110156138089,0.7821384425216317,0.6758344459279039,0.221895,2025-10-03 00:56:22,
95,minimal,tfidf_trigram,none,Naive Bayes (alpha=0.1),0.9426097523925262,0.7015326275872966,0.8591331269349846,0.5927903871829105,0.7015326275872966,0.9682526344095057,0.3500000000000001,0.9381133221935288,0.7179061071873701,0.7456846950517837,0.6921228304405874,0.293434,2025-10-03 00:56:22,
96,minimal,tfidf_trigram,none,XGBoost,0.9524532887741152,0.752098843655948,0.9244548286604362,0.6339118825100134,0.752098843655948,0.9737049918510677,0.25000000000000006,0.951268418654109,0.7776545605766565,0.8085903718650908,0.7489986648865153,74.191818,2025-10-03 00:57:37,
97,minimal,tfidf_trigram,none,XGBoost (Tuned),0.9497189731125627,0.7288218908733409,0.9431721798134012,0.5938584779706275,0.7288218908733409,0.9722905888459156,0.25000000000000006,0.9517849005012912,0.7742853079220594,0.8283627510651248,0.7268357810413886,136.853395,2025-10-03 00:59:53,
98,minimal,tfidf_trigram,none,LightGBM,0.9526963390551421,0.7549189359357784,0.9194785276073619,0.6403204272363151,0.7549189359357784,0.973821813474116,0.30000000000000004,0.9537293027495063,0.783202846975089,0.838719512195122,0.7345794392523365,37.92068,2025-10-03 01:00:31,
99,minimal,tfidf_trigram,none,LightGBM (Tuned),0.9499012608233328,0.730335241210139,0.9421940928270042,0.5962616822429907,0.730335241210139,0.972385497781127,0.25000000000000006,0.9517545192161628,0.7743035815804434,0.8277119416590701,0.727369826435247,37.158117,2025-10-03 01:01:09,
100,minimal,tfidf_trigram,random_oversample,Logistic Regression (Balanced),0.9253531824396172,0.7240256093451646,0.6248545948041877,0.8606141522029372,0.7240256093451646,0.95683946106417,0.7500000000000002,0.9508734619474404,0.7788264259335248,0.7983735277621985,0.7602136181575434,3.404892,2025-10-03 01:01:12,
101,minimal,tfidf_trigram,random_oversample,Logistic Regression (C=0.1),0.9177882424426553,0.7043269230769231,0.5960791566487886,0.8606141522029372,0.7043269230769231,0.952256607502029,0.7000000000000002,0.9477138082940908,0.7561977617226237,0.8053711526855764,0.7126835781041388,0.948235,2025-10-03 01:01:13,
102,minimal,tfidf_trigram,random_oversample,Logistic Regression (C=10),0.9235606866170439,0.7165389815232086,0.6197622295848763,0.8491321762349799,0.7165389815232086,0.9558239983144292,0.8500000000000002,0.9525140513443718,0.7806315789473685,0.8227810650887574,0.7425901201602136,3.241861,2025-10-03 01:01:16,
103,minimal,tfidf_trigram,random_oversample,Random Forest (100 trees),0.9378095093422452,0.6720076910751482,0.8401442307692307,0.5599465954606142,0.6720076910751482,0.9656480222859923,0.3500000000000001,0.9374449339207048,0.7255032662311692,0.7244408945686901,0.7265687583444593,358.286259,2025-10-03 01:07:15,
104,minimal,tfidf_trigram,random_oversample,Random Forest (200 trees),0.7829560990429896,0.45804885449855864,0.31991098866165096,0.8061415220293725,0.45804885449855864,0.864306336423036,0.6000000000000002,0.9122284672641653,0.5795371852714306,0.6369161868202176,0.5316421895861149,48.856295,2025-10-03 01:08:03,
105,minimal,tfidf_trigram,random_oversample,Naive Bayes,0.8582713048761963,0.584557841303767,0.4385355424906467,0.8763684913217623,0.584557841303767,0.9145620043588946,0.8000000000000002,0.9375968403463466,0.717391304347826,0.7399943230201533,0.696128170894526,0.185994,2025-10-03 01:08:04,
106,minimal,tfidf_trigram,random_oversample,Naive Bayes (alpha=0.1),0.8601245632690263,0.5872332795409718,0.4420299635578351,0.8744993324432577,0.5872332795409718,0.9157948642914624,0.8000000000000002,0.9373234087801914,0.7169707778844835,0.7373024830699775,0.6977303070761015,0.184626,2025-10-03 01:08:04,
107,minimal,tfidf_trigram,random_oversample,XGBoost,0.9214947592283154,0.7018232171705516,0.6179638284901443,0.8120160213618157,0.7018232171705516,0.9547967252116717,0.7000000000000002,0.9497189731125627,0.7584294263611152,0.836445589182228,0.6937249666221629,75.99401,2025-10-03 01:09:20,
108,minimal,tfidf_trigram,random_oversample,XGBoost (Tuned),0.9186389184262495,0.6934523809523809,0.6068924063313965,0.8088117489986649,0.6934523809523809,0.9530948961361965,0.6500000000000001,0.9468935135956251,0.752337772740153,0.8013884696649562,0.7089452603471295,152.088846,2025-10-03 01:11:52,
109,minimal,tfidf_trigram,random_oversample,LightGBM,0.9205833206744646,0.7052322958953541,0.610384540308413,0.8349799732977303,0.7052322958953541,0.9541097573821143,0.7000000000000002,0.9507215555217986,0.7718064153066967,0.815640796907523,0.7324432576769025,53.476692,2025-10-03 01:12:45,
110,minimal,tfidf_trigram,random_oversample,LightGBM (Tuned),0.9187908248518912,0.6943396226415094,0.6072,0.8106809078771695,0.6943396226415094,0.9531750897784006,0.6500000000000001,0.947227707732037,0.7540008497379974,0.8027744270205066,0.7108144192256342,53.368175,2025-10-03 01:13:39,
111,minimal,tfidf_trigram,random_undersample,Logistic Regression (Balanced),0.9112866474251861,0.6900212314225053,0.5726872246696035,0.8678237650200267,0.6900212314225053,0.948236128346038,0.7000000000000002,0.946042837612031,0.756244853143014,0.7780288054221971,0.7356475300400535,0.364119,2025-10-03 01:13:39,
112,minimal,tfidf_trigram,random_undersample,Logistic Regression (C=0.1),0.8899893665502051,0.6327958624885914,0.5101373446697187,0.8331108144192256,0.6327958624885914,0.9353034715646161,0.6000000000000002,0.9282090232416831,0.692037012902385,0.6759164969450102,0.7089452603471295,0.217327,2025-10-03 01:13:39,
113,minimal,tfidf_trigram,random_undersample,Logistic Regression (C=10),0.8994987087953821,0.6634791454730417,0.5359079704190632,0.8707610146862483,0.6634791454730417,0.9409285714285714,0.8500000000000002,0.9471973264469087,0.7580734966592427,0.7917999418435592,0.7271028037383177,0.642476,2025-10-03 01:13:40,
114,minimal,tfidf_trigram,random_undersample,Random Forest (100 trees),0.8754974935439769,0.6008182349503215,0.472933599141236,0.823497997329773,0.6008182349503215,0.9262472104240156,0.6500000000000001,0.9202795078231809,0.6492916332531409,0.64998662028365,0.6485981308411215,15.110208,2025-10-03 01:13:55,
115,minimal,tfidf_trigram,random_undersample,Random Forest (200 trees),0.7682819383259912,0.45228007181328544,0.3093320235756385,0.8408544726301735,0.45228007181328544,0.8530584722088431,0.6000000000000002,0.9202795078231809,0.6101040118870729,0.6877721943048576,0.5481975967957277,4.833148,2025-10-03 01:14:00,
116,minimal,tfidf_trigram,random_undersample,Naive Bayes,0.8478809053622969,0.5703989703989704,0.4202275600505689,0.8875834445927904,0.5703989703989704,0.9075772958006461,0.8000000000000002,0.9381740847637855,0.7157424221259953,0.7504393673110721,0.6841121495327103,0.200765,2025-10-03 01:14:00,
117,minimal,tfidf_trigram,random_undersample,Naive Bayes (alpha=0.1),0.8546255506607929,0.5791926831413244,0.43181222134801994,0.879305740987984,0.5791926831413244,0.9121357351401972,0.8000000000000002,0.936199301230442,0.7145963577058984,0.7276501522280653,0.7020026702269693,0.158945,2025-10-03 01:14:00,
118,minimal,tfidf_trigram,random_undersample,XGBoost,0.9109220720036457,0.682546556951061,0.5740302312875615,0.8416555407209613,0.682546556951061,0.9481923878856416,0.7000000000000002,0.9457390247607473,0.7546703296703297,0.7770862800565771,0.7335113484646195,24.032991,2025-10-03 01:14:24,
119,minimal,tfidf_trigram,random_undersample,XGBoost (Tuned),0.9113474099954428,0.6799034664326459,0.5769875256004469,0.8275033377837117,0.6799034664326459,0.9485488591882075,0.7000000000000002,0.9464074130335713,0.7462600690448792,0.8088556283130651,0.6926568758344459,48.011648,2025-10-03 01:15:12,
120,minimal,tfidf_trigram,random_undersample,LightGBM,0.9150539267811029,0.6930171277997365,0.5884765989185158,0.8427236315086782,0.6930171277997365,0.9507069567363633,0.7500000000000002,0.9497797356828194,0.7636207636207636,0.8220443349753694,0.7129506008010681,9.269014,2025-10-03 01:15:22,
121,minimal,tfidf_trigram,random_undersample,LightGBM (Tuned),0.9135652438098132,0.685252793450603,0.5850018889308651,0.8269692923898532,0.685252793450603,0.9499040340899086,0.7000000000000002,0.9468935135956251,0.7481268011527378,0.8125195618153365,0.6931909212283044,8.40103,2025-10-03 01:15:30,
122,minimal,tfidf_trigram,smote,Logistic Regression (Balanced),0.9066990733708036,0.6693227091633466,0.560808372428726,0.8299065420560747,0.6693227091633466,0.9456873529879914,0.8500000000000002,0.9505392678110284,0.7545235223160435,0.8666435746449601,0.668090787716956,2.653112,2025-10-03 01:15:40,
123,minimal,tfidf_trigram,smote,Logistic Regression (C=0.1),0.8827890019747835,0.6118712273641851,0.49087974172719934,0.8120160213618157,0.6118712273641851,0.9309715512614063,0.7500000000000002,0.9389943794622513,0.7015457788347206,0.7911498491451558,0.630173564753004,0.948468,2025-10-03 01:15:41,
124,minimal,tfidf_trigram,smote,Logistic Regression (C=10),0.9112562661400577,0.6807301344409225,0.576239822353812,0.8315086782376502,0.6807301344409225,0.9484659762530654,0.8500000000000002,0.9469542761658818,0.7584394023242944,0.7869652598334769,0.7319092122830441,3.696074,2025-10-03 01:15:44,
125,minimal,tfidf_trigram,smote,Random Forest (100 trees),0.9299407564939997,0.6336193199872895,0.7822675559042762,0.5324432576769025,0.6336193199872895,0.9612671324912658,0.3500000000000001,0.922649248063193,0.6799899446958271,0.6423652339111849,0.7222963951935915,417.973711,2025-10-03 01:22:42,
126,minimal,tfidf_trigram,smote,Random Forest (200 trees),0.802187452529242,0.44364692813808426,0.326212616235235,0.6931909212283044,0.44364692813808426,0.879708832929961,0.6000000000000002,0.8845207352271001,0.48236415633937085,0.49221789883268485,0.47289719626168225,54.588672,2025-10-03 01:23:37,
127,minimal,tfidf_trigram,smote,Naive Bayes,0.8758013063952605,0.6095510983763133,0.4744981412639405,0.8520694259012016,0.6095510983763133,0.9261560693641618,0.8000000000000002,0.939814674160717,0.7159856630824373,0.7730650154798762,0.6667556742323097,0.183092,2025-10-03 01:23:37,
128,minimal,tfidf_trigram,smote,Naive Bayes (alpha=0.1),0.87710770165578,0.6104959075589793,0.47740963855421686,0.8464619492656876,0.6104959075589793,0.9270448191901884,0.8000000000000002,0.939055142032508,0.7139189960068454,0.7661463116008571,0.6683578104138852,0.185144,2025-10-03 01:23:37,
129,minimal,tfidf_trigram,smote,XGBoost,0.9241075497493544,0.6895351727566492,0.6449662869100209,0.740720961281709,0.6895351727566492,0.9567700401495224,0.6000000000000002,0.9443111043597144,0.7337690631808279,0.8044585987261147,0.6744993324432577,94.428489,2025-10-03 01:25:12,
130,minimal,tfidf_trigram,smote,XGBoost (Tuned),0.914051344371867,0.660261798967215,0.5999563509384548,0.734045393858478,0.660261798967215,0.9508025668226006,0.6000000000000002,0.9414248822725201,0.7182933956750438,0.7931590835753469,0.6563417890520694,191.554747,2025-10-03 01:28:23,
131,minimal,tfidf_trigram,smote,LightGBM,0.9284824548078384,0.7027777777777777,0.6665868263473054,0.7431241655540721,0.7027777777777777,0.9593507166292523,0.6500000000000001,0.9451921616284369,0.7335302806499261,0.8208264462809918,0.6630173564753004,63.510025,2025-10-03 01:29:27,
132,minimal,tfidf_trigram,smote,LightGBM (Tuned),0.9091295761810725,0.6493963193060602,0.5787714166318428,0.739652870493992,0.6493963193060602,0.9478001361280302,0.6500000000000001,0.9406653501443111,0.7088116892798568,0.8024983119513842,0.634712950600801,59.836425,2025-10-03 01:30:27,
133,minimal,count_basic,none,Logistic Regression (Balanced),0.9219200972201124,0.714507887136192,0.611755754232452,0.8587449933244325,0.714507887136192,0.954775814739213,0.8500000000000002,0.9511468935135956,0.7719795802609188,0.8231025098276383,0.7268357810413886,6.919632,2025-10-03 01:30:42,
134,minimal,count_basic,none,Logistic Regression (C=0.1),0.9260823332826978,0.7262909213634829,0.6275272161741835,0.8619492656875835,0.7262909213634829,0.9572715617920303,0.7000000000000002,0.9494759228315358,0.7754826515458351,0.7842708902239214,0.7668891855807743,4.620534,2025-10-03 01:30:47,
135,minimal,count_basic,none,Logistic Regression (C=10),0.918183199149324,0.7035773252614199,0.598501872659176,0.8534045393858478,0.7035773252614199,0.9525420741915587,0.8500000000000002,0.947227707732037,0.7622827425756125,0.7818641212801797,0.7436582109479306,14.188677,2025-10-03 01:31:01,
136,minimal,count_basic,none,Random Forest (100 trees),0.9361385386601854,0.641785957736878,0.8869524258125294,0.502803738317757,0.641785957736878,0.9649444648277242,0.25000000000000006,0.9364727327965973,0.7286177806619079,0.7088383838383838,0.7495327102803738,126.760701,2025-10-03 01:33:08,
137,minimal,count_basic,none,Random Forest (200 trees),0.7976910223302446,0.4669815096454014,0.33344764517604025,0.7789052069425901,0.4669815096454014,0.8751523332770872,0.6000000000000002,0.9239556433237126,0.6081102238922812,0.7350492051476154,0.5185580774365821,22.866237,2025-10-03 01:33:31,
138,minimal,count_basic,none,Naive Bayes,0.9301534254898982,0.7068723702664796,0.6764275256222547,0.7401869158878505,0.7068723702664796,0.9603531826098953,0.8000000000000002,0.9402400121525141,0.7197606496651945,0.7715332926084301,0.6744993324432577,0.177158,2025-10-03 01:33:31,
139,minimal,count_basic,none,Naive Bayes (alpha=0.1),0.9300319003493848,0.7062874633337585,0.676025390625,0.7393858477970627,0.7062874633337585,0.9602855714014727,0.7500000000000002,0.9390247607473796,0.7194968553459119,0.7548387096774194,0.6873164218958612,0.154156,2025-10-03 01:33:31,
140,minimal,count_basic,none,XGBoost,0.9518760443566763,0.748730964467005,0.9222352481438062,0.630173564753004,0.748730964467005,0.9733897792561234,0.25000000000000006,0.954883791584384,0.7896302592435189,0.8409776704888352,0.7441922563417891,2.473974,2025-10-03 01:33:34,
141,minimal,count_basic,none,XGBoost (Tuned),0.948989822269482,0.7242568566267039,0.9406996587030717,0.5887850467289719,0.7242568566267039,0.9718953482532934,0.25000000000000006,0.9537900653197631,0.7796610169491526,0.8521215959468018,0.7185580774365821,4.539961,2025-10-03 01:33:38,
142,minimal,count_basic,none,LightGBM,,,,,,,,,,,,,2025-10-03 01:33:38,"Expected np.float32 or np.float64, met type(int64)"
143,minimal,count_basic,none,LightGBM (Tuned),,,,,,,,,,,,,2025-10-03 01:33:38,"Expected np.float32 or np.float64, met type(int64)"
144,minimal,count_basic,random_oversample,Logistic Regression (Balanced),0.9205225581042078,0.7100421192640213,0.6069736592761038,0.8552736982643525,0.7100421192640213,0.9539501478664977,0.8500000000000002,0.9501139298192314,0.7698345948976731,0.8102685157863676,0.7332443257676903,15.113342,2025-10-03 01:33:53,
145,minimal,count_basic,random_oversample,Logistic Regression (C=0.1),0.9261127145678262,0.7259409510930809,0.6279976603626438,0.8600801068090788,0.7259409510930809,0.95730037221715,0.7500000000000002,0.9508126993771836,0.7761028903332873,0.8049340218014917,0.7492656875834446,8.348324,2025-10-03 01:34:02,
146,minimal,count_basic,random_oversample,Logistic Regression (C=10),0.9179097675831688,0.7021604938271605,0.5978975032851511,0.8504672897196262,0.7021604938271605,0.9523943761231897,0.8500000000000002,0.9470454200212669,0.7623073776080731,0.7789855072463768,0.7463284379172229,22.447875,2025-10-03 01:34:24,
147,minimal,count_basic,random_oversample,Random Forest (100 trees),0.9379614157678869,0.6742182514358647,0.8374950455806579,0.564218958611482,0.6742182514358647,0.9657163963600953,0.3500000000000001,0.9375664590612183,0.7233068533728289,0.7294948397609995,0.717222963951936,303.135494,2025-10-03 01:39:27,
148,minimal,count_basic,random_oversample,Random Forest (200 trees),0.7950174692389488,0.4692834106819791,0.3326271186440678,0.7965287049399199,0.4692834106819791,0.872978519118173,0.6000000000000002,0.9256873765760292,0.622996300863132,0.7367845424717463,0.539652870493992,44.875118,2025-10-03 01:40:12,
149,minimal,count_basic,random_oversample,Naive Bayes,0.8890171654260975,0.6278145695364239,0.5075782537067546,0.8226969292389853,0.6278145695364239,0.9347853253592787,0.8500000000000002,0.9270545344068054,0.70147954743255,0.6563517915309446,0.7532710280373832,0.171844,2025-10-03 01:40:12,
150,minimal,count_basic,random_oversample,Naive Bayes (alpha=0.1),0.8890475467112259,0.62749898000816,0.5076745337514441,0.8213618157543391,0.62749898000816,0.9348159782957912,0.8500000000000002,0.9270241531216771,0.7013180800795822,0.6562718175471259,0.753004005340454,0.161991,2025-10-03 01:40:12,
151,minimal,count_basic,random_oversample,XGBoost,0.9269937718365487,0.7179908461448187,0.6404941373534339,0.8168224299065421,0.7179908461448187,0.9580694131811758,0.6500000000000001,0.9517241379310345,0.774705798950801,0.8258766626360339,0.7295060080106809,3.444149,2025-10-03 01:40:16,
152,minimal,count_basic,random_oversample,XGBoost (Tuned),0.9230138234847334,0.7045242537313433,0.6253363692817222,0.806675567423231,0.7045242537313433,0.9557410835924127,0.6500000000000001,0.9513595625094942,0.7667880553532411,0.8435897435897436,0.702803738317757,6.279278,2025-10-03 01:40:22,
153,minimal,count_basic,random_oversample,LightGBM,,,,,,,,,,,,,2025-10-03 01:40:22,"Expected np.float32 or np.float64, met type(int64)"
154,minimal,count_basic,random_oversample,LightGBM (Tuned),,,,,,,,,,,,,2025-10-03 01:40:22,"Expected np.float32 or np.float64, met type(int64)"
155,minimal,count_basic,random_undersample,Logistic Regression (Balanced),0.9000455719276925,0.664422684618523,0.5375474500742696,0.8696929238985314,0.664422684618523,0.9412772641273695,0.8500000000000002,0.9433692845207352,0.7453551912568306,0.7630769230769231,0.7284379172229639,1.308987,2025-10-03 01:40:24,
156,minimal,count_basic,random_undersample,Logistic Regression (C=0.1),0.909433389032356,0.6858467699441458,0.5665041782729805,0.8688918558077436,0.6858467699441458,0.9470900410003372,0.6500000000000001,0.9396931490202035,0.743307901202638,0.7206619859578737,0.7674232309746328,0.677107,2025-10-03 01:40:24,
157,minimal,count_basic,random_undersample,Logistic Regression (C=10),0.8742822421388424,0.6134877638707267,0.47177129722740985,0.8769025367156208,0.6134877638707267,0.9249328786009724,0.8500000000000002,0.9195807382652286,0.689719845270191,0.6147095695779357,0.7855807743658211,2.590601,2025-10-03 01:40:27,
158,minimal,count_basic,random_undersample,Random Forest (100 trees),0.8873765760291661,0.6223127865511972,0.5031301482701812,0.8154873164218959,0.6223127865511972,0.9338212978666429,0.6000000000000002,0.9171198541698314,0.6576305220883534,0.6204120293630121,0.6995994659546061,10.835251,2025-10-03 01:40:38,
159,minimal,count_basic,random_undersample,Random Forest (200 trees),0.7835029621753,0.4669359664871335,0.3243271329107347,0.8333778371161549,0.4669359664871335,0.8641683504250696,0.6000000000000002,0.9266899589852651,0.6357735849056604,0.73125,0.5623497997329773,3.308087,2025-10-03 01:40:41,
160,minimal,count_basic,random_undersample,Naive Bayes,0.8856752240619779,0.622983668971045,0.4985567671584349,0.830173564753004,0.622983668971045,0.9326218911708356,0.8500000000000002,0.9247151754519216,0.6966209598432909,0.6432285778883111,0.7596795727636849,0.144733,2025-10-03 01:40:41,
161,minimal,count_basic,random_undersample,Naive Bayes (alpha=0.1),0.885857511772748,0.6230560850807665,0.4990356798457088,0.829105473965287,0.6230560850807665,0.9327461826253514,0.8500000000000002,0.9246847941667933,0.6967584097859327,0.6428893905191874,0.7604806408544726,0.121816,2025-10-03 01:40:41,
162,minimal,count_basic,random_undersample,XGBoost,0.9162084156159805,0.6932146829810901,0.5940896091515729,0.8320427236315087,0.6932146829810901,0.9514778325123153,0.7000000000000002,0.949749354397691,0.7640513552068474,0.8202143950995405,0.715086782376502,1.124186,2025-10-03 01:40:42,
163,minimal,count_basic,random_undersample,XGBoost (Tuned),0.9146589700744342,0.686320491345617,0.5898272552783109,0.8205607476635514,0.686320491345617,0.9506109890109891,0.6500000000000001,0.9486860094181984,0.7597097737942808,0.8130328867235079,0.7129506008010681,2.051165,2025-10-03 01:40:44,
164,minimal,count_basic,random_undersample,LightGBM,,,,,,,,,,,,,2025-10-03 01:40:44,"Expected np.float32 or np.float64, met type(int64)"
165,minimal,count_basic,random_undersample,LightGBM (Tuned),,,,,,,,,,,,,2025-10-03 01:40:44,"Expected np.float32 or np.float64, met type(int64)"
166,minimal,count_basic,smote,Logistic Regression (Balanced),0.897979644538964,0.6442042805679169,0.5339891094326366,0.8117489986648865,0.6442042805679169,0.9404525464604908,0.8500000000000002,0.9470758013063952,0.7491359447004609,0.8130665833072835,0.6945260347129506,7.231475,2025-10-03 01:40:59,
167,minimal,count_basic,smote,Logistic Regression (C=0.1),0.8880145830168616,0.6211716341212744,0.5049289891395154,0.8069425901201602,0.6211716341212744,0.9342959001782531,0.8000000000000002,0.9451313990581801,0.7330771504581732,0.8209202250910295,0.6622162883845126,4.802007,2025-10-03 01:41:04,
168,minimal,count_basic,smote,Logistic Regression (C=10),0.8984961263861462,0.6454420036081927,0.5355759070095104,0.8120160213618157,0.6454420036081927,0.9407697626181147,0.8500000000000002,0.9439161476530458,0.7431116059003618,0.7759372275501307,0.7129506008010681,11.555394,2025-10-03 01:41:15,
169,minimal,count_basic,smote,Random Forest (100 trees),0.8947288470302294,0.5443786982248521,0.5362694300518135,0.5527369826435247,0.5443786982248521,0.9404894804637184,0.40000000000000013,0.876348169527571,0.5535322509872751,0.46974492645689814,0.6736982643524699,433.826012,2025-10-03 01:48:29,
170,minimal,count_basic,smote,Random Forest (200 trees),0.7778520431414249,0.39480218506869724,0.28607412738395105,0.636849132176235,0.39480218506869724,0.863957728659671,0.6000000000000002,0.8480328117879387,0.4168803916996969,0.36995654872749845,0.4774365821094793,53.278519,2025-10-03 01:49:22,
171,minimal,count_basic,smote,Naive Bayes,0.9252012760139754,0.6675668376991628,0.6752253482655012,0.6600801068090788,0.6675668376991628,0.9578597836505546,0.8000000000000002,0.9362296825155704,0.6840283004666566,0.7839889579020014,0.6066755674232309,0.189122,2025-10-03 01:49:23,
172,minimal,count_basic,smote,Naive Bayes (alpha=0.1),0.9253531824396172,0.6673886557465818,0.6768259198242724,0.6582109479305741,0.6673886557465818,0.9579590370104204,0.8000000000000002,0.9361385386601854,0.683433734939759,0.7837651122625215,0.6058744993324433,0.185224,2025-10-03 01:49:23,
173,minimal,count_basic,smote,XGBoost,0.9502658362448732,0.7406116304864522,0.9107560405300078,0.6240320427236316,0.7406116304864522,0.9724961776911575,0.40000000000000013,0.9470150387361386,0.7438307873090482,0.8266405484818805,0.6761014686248331,3.56753,2025-10-03 01:49:26,
174,minimal,count_basic,smote,XGBoost (Tuned),0.9438857663679173,0.7027201030098181,0.8845218800648298,0.5829105473965287,0.7027201030098181,0.9690189040038915,0.40000000000000013,0.9417286951238037,0.7171925685638455,0.8007902535396774,0.6493991989319092,6.427533,2025-10-03 01:49:33,
175,minimal,count_basic,smote,LightGBM,,,,,,,,,,,,,2025-10-03 01:49:33,"Expected np.float32 or np.float64, met type(int64)"
176,minimal,count_basic,smote,LightGBM (Tuned),,,,,,,,,,,,,2025-10-03 01:49:33,"Expected np.float32 or np.float64, met type(int64)"
177,minimal,count_bigram,none,Logistic Regression (Balanced),0.9039647577092511,0.6666666666666666,0.5508888114325549,0.8440587449933245,0.6666666666666666,0.94390118373649,0.8500000000000002,0.9447364423515114,0.7403283369022127,0.7953987730061349,0.6923898531375167,7.979033,2025-10-03 01:50:03,
178,minimal,count_bigram,none,Logistic Regression (C=0.1),0.9116208415615981,0.6851390843164845,0.5760829996359665,0.8451268357810414,0.6851390843164845,0.948596066512343,0.7500000000000002,0.9440984353638159,0.7425853385562395,0.7799000881575081,0.7086782376502002,4.618751,2025-10-03 01:50:08,
179,minimal,count_bigram,none,Logistic Regression (C=10),0.9009570104815434,0.6594944641738041,0.5416023331617773,0.8429906542056075,0.6594944641738041,0.9420506257110353,0.8500000000000002,0.9422451769709859,0.7356417744402726,0.7675565873476494,0.7062750333778371,13.601205,2025-10-03 01:50:21,
180,minimal,count_bigram,none,Random Forest (100 trees),0.9344068054078688,0.639023574653068,0.8546511627906976,0.5102803738317757,0.639023574653068,0.9639258801316647,0.30000000000000004,0.9340422299863285,0.7075306479859895,0.7139749864056553,0.7012016021361815,154.277309,2025-10-03 01:52:55,
181,minimal,count_bigram,none,Random Forest (200 trees),0.7909159957466201,0.4598964055878198,0.32566411025897524,0.7823765020026703,0.4598964055878198,0.8703661844484629,0.6000000000000002,0.9230138234847334,0.6077399380804953,0.7230202578268876,0.5241655540720961,29.316007,2025-10-03 01:53:25,
182,minimal,count_bigram,none,Naive Bayes,0.9212517089472885,0.6697247706422018,0.6405069461369729,0.70173564753004,0.6697247706422018,0.9552964713186851,0.8500000000000002,0.9325535470150388,0.6808510638297872,0.7374649641856119,0.632309746328438,0.16638,2025-10-03 01:53:25,
183,minimal,count_bigram,none,Naive Bayes (alpha=0.1),0.9212517089472885,0.6697247706422018,0.6405069461369729,0.70173564753004,0.6697247706422018,0.9552964713186851,0.8500000000000002,0.9326446908704238,0.6811448295699698,0.7381546134663342,0.632309746328438,0.172329,2025-10-03 01:53:25,
184,minimal,count_bigram,none,XGBoost,0.9496885918274343,0.7352094659417973,0.9163013152650459,0.6138851802403205,0.7352094659417973,0.972203571908151,0.25000000000000006,0.9484429591371715,0.761489810260014,0.8038575667655786,0.7233644859813084,2.873209,2025-10-03 01:53:28,
185,minimal,count_bigram,none,XGBoost (Tuned),0.9482910527115297,0.7191419141914192,0.9412526997840173,0.5818424566088117,0.7191419141914192,0.9715241760080308,0.25000000000000006,0.9498708795382045,0.7608695652173914,0.8320126782884311,0.7009345794392523,5.193404,2025-10-03 01:53:33,
186,minimal,count_bigram,none,LightGBM,,,,,,,,,,,,,2025-10-03 01:53:33,"Expected np.float32 or np.float64, met type(int64)"
187,minimal,count_bigram,none,LightGBM (Tuned),,,,,,,,,,,,,2025-10-03 01:53:33,"Expected np.float32 or np.float64, met type(int64)"
188,minimal,count_bigram,random_oversample,Logistic Regression (Balanced),0.904207807990278,0.665818759936407,0.5520210896309314,0.8387182910547396,0.665818759936407,0.9440907881904425,0.8500000000000002,0.9434604283761203,0.7369611307420495,0.7828828828828829,0.696128170894526,14.681815,2025-10-03 01:53:48,
189,minimal,count_bigram,random_oversample,Logistic Regression (C=0.1),0.9112258848549294,0.6835607537361923,0.5749681180542904,0.8427236315086782,0.6835607537361923,0.9483709096049191,0.7500000000000002,0.9442503417894577,0.7464418958131822,0.7734822451317297,0.7212283044058745,7.524363,2025-10-03 01:53:55,
190,minimal,count_bigram,random_oversample,Logistic Regression (C=10),0.9010785356220569,0.6587002096436059,0.5421915444348576,0.8389853137516688,0.6587002096436059,0.942156688577012,0.8500000000000002,0.9412122132766216,0.7316599639439745,0.7611079053664166,0.7044058744993325,23.655771,2025-10-03 01:54:19,
191,minimal,count_bigram,random_oversample,Random Forest (100 trees),0.9359258696642868,0.6730739420244923,0.8022912047302291,0.5797062750333778,0.6730739420244923,0.9644823927651189,0.3500000000000001,0.9307306699073371,0.7053502196950117,0.6834460305534685,0.7287049399198932,369.003979,2025-10-03 02:00:28,
192,minimal,count_bigram,random_oversample,Random Forest (200 trees),0.787877867233784,0.4628404369903062,0.32508375661947475,0.8032042723631508,0.4628404369903062,0.8678452453058753,0.6000000000000002,0.924077168464226,0.618298457308691,0.7223411848679515,0.5404539385847797,56.749974,2025-10-03 02:01:25,
193,minimal,count_bigram,random_oversample,Naive Bayes,0.8883183958681452,0.6171630910227036,0.5058903875704286,0.7911882510013352,0.6171630910227036,0.9346233193426763,0.8500000000000002,0.9184870120006077,0.6655030544819848,0.6241814780168382,0.7126835781041388,0.193596,2025-10-03 02:01:25,
194,minimal,count_bigram,random_oversample,Naive Bayes (alpha=0.1),0.888379158438402,0.6172119191498229,0.5060652656757219,0.7909212283044059,0.6172119191498229,0.9346635367762128,0.8500000000000002,0.9184870120006077,0.6655864389879098,0.6241234221598878,0.7129506008010681,0.183662,2025-10-03 02:01:25,
195,minimal,count_bigram,random_oversample,XGBoost,0.920036457542154,0.6977491961414791,0.61212976022567,0.811214953271028,0.6977491961414791,0.9539231819614159,0.7000000000000002,0.9492632538356373,0.7559906487434249,0.8347854146498871,0.6907877169559412,3.920293,2025-10-03 02:01:29,
196,minimal,count_bigram,random_oversample,XGBoost (Tuned),0.9172109980252164,0.6868176071715895,0.6029055690072639,0.7978638184245661,0.6868176071715895,0.9523009329762467,0.6500000000000001,0.9479872398602461,0.7541642734060885,0.8157812985399192,0.7012016021361815,7.061455,2025-10-03 02:01:36,
197,minimal,count_bigram,random_oversample,LightGBM,,,,,,,,,,,,,2025-10-03 02:01:36,"Expected np.float32 or np.float64, met type(int64)"
198,minimal,count_bigram,random_oversample,LightGBM (Tuned),,,,,,,,,,,,,2025-10-03 02:01:36,"Expected np.float32 or np.float64, met type(int64)"
199,minimal,count_bigram,random_undersample,Logistic Regression (Balanced),0.8792647728998937,0.617958084983657,0.48280006008712634,0.8582109479305741,0.617958084983657,0.9283033845709749,0.8500000000000002,0.9338295609904299,0.7078862660944206,0.71112907572083,0.7046728971962617,1.523749,2025-10-03 02:01:38,
200,minimal,count_bigram,random_undersample,Logistic Regression (C=0.1),0.896217530001519,0.6533387456870307,0.526927484039941,0.8595460614152203,0.6533387456870307,0.9389738459339717,0.7000000000000002,0.9359562509494151,0.7178045515394913,0.719731543624161,0.7158878504672898,0.962602,2025-10-03 02:01:39,
201,minimal,count_bigram,random_undersample,Logistic Regression (C=10),0.8544736442351512,0.573539886039886,0.43021236810471486,0.8600801068090788,0.573539886039886,0.9122678486391443,0.8500000000000002,0.9080966124867081,0.6533745846224361,0.572260136491369,0.7612817089452604,3.071002,2025-10-03 02:01:42,
202,minimal,count_bigram,random_undersample,Random Forest (100 trees),0.8734315661552484,0.5980316480123504,0.46819761293246714,0.8275033377837117,0.5980316480123504,0.9248909241697617,0.6500000000000001,0.9188212061370196,0.6509014894172982,0.6372473778459964,0.6651535380507343,12.835048,2025-10-03 02:01:55,
203,minimal,count_bigram,random_undersample,Random Forest (200 trees),0.7790672945465593,0.4644277507733098,0.32065493745550694,0.8419225634178905,0.4644277507733098,0.8608282936538314,0.6000000000000002,0.9247151754519216,0.6342975206611571,0.7090069284064665,0.5738317757009346,4.02092,2025-10-03 02:01:59,
204,minimal,count_bigram,random_undersample,Naive Bayes,0.8860094181983897,0.6124767609997934,0.4994104766717197,0.7917222963951935,0.6124767609997934,0.9331766046876113,0.8500000000000002,0.9167552787482911,0.6618953603158934,0.6152787336545079,0.716154873164219,0.135879,2025-10-03 02:01:59,
205,minimal,count_bigram,random_undersample,Naive Bayes (alpha=0.1),0.8862828497645451,0.6134462459981411,0.5001684068710003,0.7930574098798397,0.6134462459981411,0.9333357080520776,0.8500000000000002,0.9168160413185478,0.6623088307844105,0.6154022461608984,0.7169559412550067,0.13881,2025-10-03 02:01:59,
206,minimal,count_bigram,random_undersample,XGBoost,0.9062433540938781,0.6672417511321975,0.5595948634472779,0.8261682242990654,0.6672417511321975,0.9454346134804441,0.7000000000000002,0.9450706364879234,0.7460674157303371,0.786962962962963,0.7092122830440587,1.252093,2025-10-03 02:02:00,
207,minimal,count_bigram,random_undersample,XGBoost (Tuned),0.9088561446149173,0.6701846965699209,0.5696131564193608,0.8138851802403204,0.6701846965699209,0.9471216554447068,0.6500000000000001,0.9443111043597144,0.7436005035669324,0.7808460634547592,0.7097463284379172,2.263244,2025-10-03 02:02:02,
208,minimal,count_bigram,random_undersample,LightGBM,,,,,,,,,,,,,2025-10-03 02:02:02,"Expected np.float32 or np.float64, met type(int64)"
209,minimal,count_bigram,random_undersample,LightGBM (Tuned),,,,,,,,,,,,,2025-10-03 02:02:02,"Expected np.float32 or np.float64, met type(int64)"
210,minimal,count_bigram,smote,Logistic Regression (Balanced),0.8944250341789458,0.6347871781397793,0.5233968804159446,0.8064085447263017,0.6347871781397793,0.9382935274793572,0.8500000000000002,0.9456478809053623,0.7387176865780634,0.8152804642166345,0.6753004005340454,9.45069,2025-10-03 02:02:20,
211,minimal,count_bigram,smote,Logistic Regression (C=0.1),0.889564028558408,0.6239006725297465,0.5092905405405406,0.8050734312416555,0.6239006725297465,0.9352799786343808,0.8000000000000002,0.9449187300622817,0.7304890738813735,0.823943661971831,0.6560747663551402,5.196613,2025-10-03 02:02:25,
212,minimal,count_bigram,smote,Logistic Regression (C=10),0.8938477897615069,0.6336758230236947,0.5216640773347143,0.8069425901201602,0.6336758230236947,0.9379307894549848,0.8500000000000002,0.9437642412274039,0.7382265591854051,0.7847263980757667,0.6969292389853138,14.791962,2025-10-03 02:02:40,
213,minimal,count_bigram,smote,Random Forest (100 trees),0.8980707883943491,0.5481481481481482,0.5529891304347826,0.5433911882510013,0.5481481481481482,0.942556287989042,0.45000000000000007,0.8911134740999545,0.5568743818001978,0.5185355744876813,0.6013351134846462,514.861364,2025-10-03 02:11:15,
214,minimal,count_bigram,smote,Random Forest (200 trees),0.7824699984809358,0.40123766516139825,0.2920978935833435,0.6405874499332443,0.40123766516139825,0.8670923670923671,0.6000000000000002,0.8442351511468935,0.4171876776173696,0.36322248614410135,0.48998664886515353,68.62551,2025-10-03 02:12:24,
215,minimal,count_bigram,smote,Naive Bayes,0.9231961111955036,0.6432401919277448,0.6821310984735109,0.6085447263017356,0.6432401919277448,0.9569658177856462,0.7000000000000002,0.9292723682211758,0.6501352569882777,0.7435544860776899,0.577570093457944,0.193051,2025-10-03 02:12:24,
216,minimal,count_bigram,smote,Naive Bayes (alpha=0.1),0.9232568737657603,0.6430186546071227,0.6829780846592615,0.6074766355140186,0.6430186546071227,0.9570071824897028,0.6500000000000001,0.9281178793862981,0.6502069781194559,0.7283868830738656,0.5871829105473966,0.186468,2025-10-03 02:12:24,
217,minimal,count_bigram,smote,XGBoost,0.9476226644387058,0.7260012714558169,0.8967412642324303,0.6098798397863818,0.7260012714558169,0.9710437031811616,0.40000000000000013,0.9443111043597144,0.7312710746224894,0.8107932379713915,0.665954606141522,4.066846,2025-10-03 02:12:28,
218,minimal,count_bigram,smote,XGBoost (Tuned),0.9431869968099651,0.7012779552715654,0.8727634194831014,0.5861148197596796,0.7012779552715654,0.9686083599127078,0.45000000000000007,0.9409691629955947,0.7044866920152091,0.818374558303887,0.6184245660881175,7.428695,2025-10-03 02:12:35,
219,minimal,count_bigram,smote,LightGBM,,,,,,,,,,,,,2025-10-03 02:12:35,"Expected np.float32 or np.float64, met type(int64)"
220,minimal,count_bigram,smote,LightGBM (Tuned),,,,,,,,,,,,,2025-10-03 02:12:35,"Expected np.float32 or np.float64, met type(int64)"
221,basic,tfidf_basic,none,Logistic Regression (Balanced),0.9263861461339815,0.731464036351546,0.6252368321333839,0.8811748998664887,0.731464036351546,0.9573468058513915,0.7500000000000002,0.9528786267659122,0.7876215254005203,0.80831928049466,0.7679572763684913,0.609536,2025-10-03 02:12:47,
222,basic,tfidf_basic,none,Logistic Regression (C=0.1),0.915145070636488,0.6990626010128219,0.5859826589595376,0.8662216288384512,0.6990626010128219,0.9506092061751755,0.6500000000000001,0.9447060610663831,0.7555734622616169,0.7600648473385572,0.7511348464619493,0.399235,2025-10-03 02:12:48,
223,basic,tfidf_basic,none,Logistic Regression (C=10),0.9230745860549902,0.7219415769822095,0.6131318783808991,0.8777036048064085,0.7219415769822095,0.9553628093928496,0.8500000000000002,0.9545799787331004,0.7897031931354621,0.834423305588585,0.7495327102803738,0.922123,2025-10-03 02:12:49,
224,basic,tfidf_basic,none,Random Forest (100 trees),0.9343764241227404,0.6247394023627519,0.8940825459970164,0.4801068090787717,0.6247394023627519,0.9640443453074541,0.25000000000000006,0.9359562509494151,0.7258777633289987,0.7074778200253485,0.7452603471295061,117.437211,2025-10-03 02:14:46,
225,basic,tfidf_basic,none,Random Forest (200 trees),0.8082029469846574,0.475620898745743,0.34518929346515553,0.7644859813084112,0.475620898745743,0.8826383595768809,0.6000000000000002,0.9154185022026432,0.5812274368231047,0.6655184292111609,0.5158878504672897,25.870859,2025-10-03 02:15:12,
226,basic,tfidf_basic,none,Naive Bayes,0.9433085219504785,0.6814612495732332,0.9446284902981543,0.532977303070761,0.6814612495732332,0.9688854798906156,0.30000000000000004,0.9461339814674161,0.7412811907193929,0.8172458172458172,0.678237650200267,0.156174,2025-10-03 02:15:12,
227,basic,tfidf_basic,none,Naive Bayes (alpha=0.1),0.9439161476530458,0.6877537212449256,0.9381633594831564,0.5428571428571428,0.6877537212449256,0.9691912280116158,0.30000000000000004,0.9446452984961264,0.7375396139441083,0.8007507037847983,0.6835781041388518,0.157631,2025-10-03 02:15:12,
228,basic,tfidf_basic,none,XGBoost,0.9530609144766824,0.7544891148895598,0.9317111459968603,0.6339118825100134,0.7544891148895598,0.9740497505752725,0.25000000000000006,0.9534862524684794,0.7857842451378201,0.8253968253968254,0.7497997329773031,31.382042,2025-10-03 02:15:44,
229,basic,tfidf_basic,none,XGBoost (Tuned),0.9494759228315358,0.7269742242653094,0.9437340153452686,0.5911882510013351,0.7269742242653094,0.9721622390733022,0.25000000000000006,0.9528178641956555,0.7770279971284997,0.8403726708074534,0.7225634178905207,63.233417,2025-10-03 02:16:47,
230,basic,tfidf_basic,none,LightGBM,0.9536685401792496,0.7593498500867919,0.9282407407407407,0.642456608811749,0.7593498500867919,0.9743667322205973,0.25000000000000006,0.9534558711833511,0.7881637168141593,0.8173214797820476,0.7610146862483311,17.132421,2025-10-03 02:17:04,
231,basic,tfidf_basic,none,LightGBM (Tuned),0.9499316421084611,0.7291255752794215,0.9482684908080377,0.5922563417890521,0.7291255752794215,0.9724165634519466,0.25000000000000006,0.9535166337536077,0.7801724137931034,0.8444790046656299,0.7249666221628839,16.217538,2025-10-03 02:17:20,
232,basic,tfidf_basic,random_oversample,Logistic Regression (Balanced),0.9272064408324472,0.733125417687681,0.6288935600993694,0.8787716955941255,0.733125417687681,0.9578554844156758,0.8000000000000002,0.9553091295761811,0.7913771096298398,0.8439201451905626,0.7449933244325768,1.474391,2025-10-03 02:17:22,
233,basic,tfidf_basic,random_oversample,Logistic Regression (C=0.1),0.9201883639677958,0.7134911113534737,0.6030604719764012,0.8734312416555408,0.7134911113534737,0.9536365401246006,0.7000000000000002,0.9488682971289686,0.7660875608061154,0.7988405797101449,0.7359145527369827,0.902464,2025-10-03 02:17:23,
234,basic,tfidf_basic,random_oversample,Logistic Regression (C=10),0.9228315357739633,0.7194610117075326,0.6134865323036354,0.8696929238985314,0.7194610117075326,0.9552627870931379,0.8500000000000002,0.9538204466048914,0.7876501816149762,0.8259595663639028,0.7527369826435247,1.35472,2025-10-03 02:17:24,
235,basic,tfidf_basic,random_oversample,Random Forest (100 trees),0.9385082789001975,0.6725978647686833,0.8530980713992614,0.5551401869158878,0.6725978647686833,0.9660675965665236,0.3500000000000001,0.9379310344827586,0.7243287005802186,0.7321331151118385,0.7166889185580775,273.735721,2025-10-03 02:21:58,
236,basic,tfidf_basic,random_oversample,Random Forest (200 trees),0.8033419413641197,0.47625212395824906,0.3416531228233109,0.7858477970627503,0.47625212395824906,0.8789437265059565,0.6000000000000002,0.9163907033267508,0.5938606847697757,0.6638073243154075,0.5372496662216288,47.96106,2025-10-03 02:22:46,
237,basic,tfidf_basic,random_oversample,Naive Bayes,0.880054686313231,0.6224899598393574,0.4848800834202294,0.8691588785046729,0.6224899598393574,0.9287004262081918,0.7500000000000002,0.9430047090991949,0.736294630306438,0.7773820124666073,0.6993324432576769,0.183949,2025-10-03 02:22:46,
238,basic,tfidf_basic,random_oversample,Naive Bayes (alpha=0.1),0.8804800243050281,0.6225292650163117,0.48584693724726674,0.8662216288384512,0.6225292650163117,0.9289994224660699,0.8000000000000002,0.9465593194592131,0.7349706192556879,0.8433609958506224,0.6512683578104139,0.188015,2025-10-03 02:22:46,
239,basic,tfidf_basic,random_oversample,XGBoost,0.9246240315965365,0.7106030561063805,0.6309030654515327,0.8133511348464619,0.7106030561063805,0.9566690535655029,0.6500000000000001,0.9487771532735835,0.7638655462184873,0.803240058910162,0.7281708945260347,35.918941,2025-10-03 02:23:22,
240,basic,tfidf_basic,random_oversample,XGBoost (Tuned),0.9207352271001064,0.6993200414889938,0.6151662611516626,0.8101468624833111,0.6993200414889938,0.9543506027680086,0.6500000000000001,0.9474707580130639,0.7515447621784739,0.813627878033603,0.69826435246996,72.451794,2025-10-03 02:24:35,
241,basic,tfidf_basic,random_oversample,LightGBM,0.922983442199605,0.7118990794408455,0.6197071626434507,0.8363150867823765,0.7118990794408455,0.9555504900843401,0.7000000000000002,0.9524532887741152,0.7758200830826529,0.8368355995055624,0.7230974632843792,23.667581,2025-10-03 02:24:58,
242,basic,tfidf_basic,random_oversample,LightGBM (Tuned),0.9201276013975391,0.6977813541786412,0.612636253532499,0.8104138851802403,0.6977813541786412,0.9539829514624285,0.6500000000000001,0.947896096004861,0.7539101736260583,0.8148263027295285,0.7014686248331108,23.24085,2025-10-03 02:25:21,
243,basic,tfidf_basic,random_undersample,Logistic Regression (Balanced),0.9146589700744342,0.7005649717514124,0.5830376153300213,0.8774365821094793,0.7005649717514124,0.9502382681712697,0.7000000000000002,0.9476834270089625,0.7666666666666667,0.7782668500687758,0.755407209612817,0.212994,2025-10-03 02:25:22,
244,basic,tfidf_basic,random_undersample,Logistic Regression (C=0.1),0.8929971137779128,0.6418547895057962,0.518311709640335,0.8427236315086782,0.6418547895057962,0.9371026501892993,0.6500000000000001,0.9365942579371107,0.7022399771722072,0.7539828431372549,0.6571428571428571,0.17195,2025-10-03 02:25:22,
245,basic,tfidf_basic,random_undersample,Logistic Regression (C=10),0.9087346194744038,0.6883170782319984,0.5628712031223485,0.8857142857142857,0.6883170782319984,0.9465404328018223,0.8500000000000002,0.9510253683730822,0.7739764441951766,0.8148804251550045,0.7369826435246996,0.265291,2025-10-03 02:25:22,
246,basic,tfidf_basic,random_undersample,Random Forest (100 trees),0.8798420173173325,0.6100759144237405,0.48358862144420134,0.8261682242990654,0.6100759144237405,0.9289780379621815,0.6500000000000001,0.9242898374601246,0.6594698004919377,0.6753428491463755,0.6443257676902536,10.820415,2025-10-03 02:25:33,
247,basic,tfidf_basic,random_undersample,Random Forest (200 trees),0.7889412122132766,0.47335304374194526,0.33051026889688756,0.8336448598130841,0.47335304374194526,0.8680256083892172,0.6000000000000002,0.915904602764697,0.6074872376630743,0.6477169640157242,0.5719626168224299,3.807573,2025-10-03 02:25:37,
248,basic,tfidf_basic,random_undersample,Naive Bayes,0.8748898678414097,0.6162877376071562,0.47330757120366396,0.8830440587449934,0.6162877376071562,0.9252604450252278,0.7500000000000002,0.9439769102233024,0.736947218259629,0.7911179173047473,0.6897196261682244,0.141926,2025-10-03 02:25:37,
249,basic,tfidf_basic,random_undersample,Naive Bayes (alpha=0.1),0.8754367309737202,0.615168012014267,0.4743088724851643,0.8750333778371161,0.615168012014267,0.9256923299985501,0.7500000000000002,0.9422451769709859,0.735935546603695,0.7669368847712796,0.7073431241655541,0.135549,2025-10-03 02:25:37,
250,basic,tfidf_basic,random_undersample,XGBoost,0.9127449491113474,0.6875543951261966,0.5801358545988617,0.8437917222963952,0.6875543951261966,0.9492919947738268,0.7000000000000002,0.9473188515874221,0.757753562447611,0.7946088485203633,0.7241655540720962,11.553492,2025-10-03 02:25:49,
251,basic,tfidf_basic,random_undersample,XGBoost (Tuned),0.912289229834422,0.6821534735219641,0.5803671787186212,0.8272363150867824,0.6821534735219641,0.9491250638800289,0.6500000000000001,0.9461036001822877,0.7536111111111111,0.7852387843704776,0.7244325767690254,22.520529,2025-10-03 02:26:11,
252,basic,tfidf_basic,random_undersample,LightGBM,0.9187908248518912,0.7046082440048624,0.6010558069381599,0.8512683578104139,0.7046082440048624,0.9529243937232525,0.7000000000000002,0.9507519368069269,0.7755158565295666,0.8055235903337169,0.7476635514018691,4.916191,2025-10-03 02:26:16,
253,basic,tfidf_basic,random_undersample,LightGBM (Tuned),0.9140817256569953,0.686265808741957,0.5870184095653824,0.8259012016021362,0.686265808741957,0.9502252886510842,0.7000000000000002,0.9495670666869208,0.7547281323877069,0.8448561032087331,0.6819759679572763,4.457505,2025-10-03 02:26:21,
254,basic,tfidf_basic,smote,Logistic Regression (Balanced),0.9090991948959442,0.6787631522439339,0.5676063925300772,0.8440587449933245,0.6787631522439339,0.9470592398612783,0.8500000000000002,0.952027950782318,0.7658312323891443,0.8612408272181454,0.6894526034712951,1.508065,2025-10-03 02:26:29,
255,basic,tfidf_basic,smote,Logistic Regression (C=0.1),0.887285432173781,0.6241896272285251,0.5028562102170719,0.8226969292389853,0.6241896272285251,0.9337002752064048,0.7500000000000002,0.9426097523925262,0.7237900277818394,0.7999353587588882,0.6608811748998665,0.781442,2025-10-03 02:26:29,
256,basic,tfidf_basic,smote,Logistic Regression (C=10),0.9138082940908401,0.6918648854132725,0.5831197363603076,0.8504672897196262,0.6918648854132725,0.9498966850926303,0.8500000000000002,0.9507519368069269,0.7752668792458062,0.8062283737024222,0.7465954606141522,1.927761,2025-10-03 02:26:31,
257,basic,tfidf_basic,smote,Random Forest (100 trees),0.928786267659122,0.6373762376237624,0.7576314821625597,0.5500667556742324,0.6373762376237624,0.9605161203382407,0.40000000000000013,0.9248063193073067,0.6707463083676999,0.6683457051961824,0.6731642189586114,318.213419,2025-10-03 02:31:50,
258,basic,tfidf_basic,smote,Random Forest (200 trees),0.827950782318092,0.46761304879195265,0.3608531630876378,0.6640854472630173,0.46761304879195265,0.897396408964905,0.6000000000000002,0.8927844447820142,0.4977942222854703,0.5329067641681902,0.467022696929239,53.533142,2025-10-03 02:32:43,
259,basic,tfidf_basic,smote,Naive Bayes,0.8956099042989518,0.6470104787343333,0.5257972950409083,0.8408544726301735,0.6470104787343333,0.9387478608100399,0.7500000000000002,0.9443414856448428,0.7331002331002331,0.8066688041038794,0.6718291054739652,0.174442,2025-10-03 02:32:43,
260,basic,tfidf_basic,smote,Naive Bayes (alpha=0.1),0.8959744797204922,0.6467918299979368,0.5269793242561776,0.8371161548731643,0.6467918299979368,0.9390052729086504,0.7500000000000002,0.9440680540786875,0.7326071169208425,0.8031847133757962,0.6734312416555407,0.168817,2025-10-03 02:32:43,
261,basic,tfidf_basic,smote,XGBoost,0.9231961111955036,0.6891293654697491,0.6387052655573284,0.7481975967957276,0.6891293654697491,0.9561856563485736,0.6000000000000002,0.9406349688591827,0.7236990950226244,0.7691614066726781,0.6833110814419225,45.583497,2025-10-03 02:33:29,
262,basic,tfidf_basic,smote,XGBoost (Tuned),0.9139602005164819,0.6596971881759193,0.5997378195324449,0.732977303070761,0.6596971881759193,0.9507546776100716,0.6000000000000002,0.9384171350448124,0.7093906810035843,0.7659442724458204,0.6606141522029373,94.163482,2025-10-03 02:35:03,
263,basic,tfidf_basic,smote,LightGBM,0.9267203402703934,0.7011152416356877,0.6541040462427745,0.755407209612817,0.7011152416356877,0.9582409972299168,0.7000000000000002,0.9464074130335713,0.7321591254175523,0.8486448433650123,0.6437917222963951,27.83315,2025-10-03 02:35:31,
264,basic,tfidf_basic,smote,LightGBM (Tuned),0.9079447060610664,0.64751046998604,0.5736961451247166,0.7431241655540721,0.64751046998604,0.9470594401928923,0.6000000000000002,0.9360170135196719,0.7061121964833939,0.7395498392282959,0.6755674232309746,27.095234,2025-10-03 02:35:58,
265,basic,tfidf_bigram,none,Logistic Regression (Balanced),0.9151146893513595,0.6980112408127972,0.586344652260759,0.8622162883845127,0.6980112408127972,0.9506168475379123,0.7500000000000002,0.9469238948807535,0.7611103514289621,0.7799887892376681,0.7431241655540721,1.008922,2025-10-03 02:36:21,
266,basic,tfidf_bigram,none,Logistic Regression (C=0.1),0.9073674616436275,0.6775933171195939,0.5609243697478992,0.8555407209612818,0.6775933171195939,0.9459138239937559,0.7000000000000002,0.943521190946377,0.734845243189274,0.7887323943661971,0.6878504672897197,0.478155,2025-10-03 02:36:22,
267,basic,tfidf_bigram,none,Logistic Regression (C=10),0.9121373234087802,0.6897661446041622,0.576474807244038,0.8584779706275033,0.6897661446041622,0.9488214058186452,0.8000000000000002,0.9474707580130639,0.7651134356745007,0.7787610619469026,0.751935914552737,1.217173,2025-10-03 02:36:23,
268,basic,tfidf_bigram,none,Random Forest (100 trees),0.933920704845815,0.6250646440268919,0.8818093385214008,0.48411214953271026,0.6250646440268919,0.9637675123690217,0.30000000000000004,0.9376879842017317,0.7172984148862853,0.7413105413105413,0.6947930574098798,139.670271,2025-10-03 02:38:42,
269,basic,tfidf_bigram,none,Random Forest (200 trees),0.8024001215251405,0.46932114882506526,0.3379156385853601,0.7679572763684913,0.46932114882506526,0.8785978273042894,0.6000000000000002,0.9109828345739025,0.5765895953757225,0.6283464566929133,0.5327102803738317,32.740132,2025-10-03 02:39:15,
270,basic,tfidf_bigram,none,Naive Bayes,0.9401792495822573,0.6679035250463822,0.9065934065934066,0.5287049399198932,0.6679035250463822,0.9671290963422982,0.30000000000000004,0.9384171350448124,0.7129301798612094,0.7590470446320868,0.6720961281708945,0.184854,2025-10-03 02:39:15,
271,basic,tfidf_bigram,none,Naive Bayes (alpha=0.1),0.9403311560078992,0.6725575191730577,0.8952507767421216,0.538584779706275,0.6725575191730577,0.9671747559834203,0.3500000000000001,0.9404222998632842,0.7095245148866834,0.7967398536260811,0.6395193591455274,0.172051,2025-10-03 02:39:16,
272,basic,tfidf_bigram,none,XGBoost,0.9504785052407717,0.7402804333970682,0.9178190438561833,0.6202937249666222,0.7402804333970682,0.9726298821237869,0.30000000000000004,0.9511468935135956,0.7669565217391304,0.8386687797147385,0.7065420560747664,40.775858,2025-10-03 02:39:56,
273,basic,tfidf_bigram,none,XGBoost (Tuned),0.9482910527115297,0.7197892657227527,0.9386002576212967,0.5837116154873164,0.7197892657227527,0.9715175045183747,0.25000000000000006,0.9491721099802521,0.7622566434560182,0.8147023086269745,0.716154873164219,83.953626,2025-10-03 02:41:20,
274,basic,tfidf_bigram,none,LightGBM,0.9509038432325687,0.7438173747622068,0.9153335934451814,0.6264352469959946,0.7438173747622068,0.9728503746513893,0.30000000000000004,0.9505696490961568,0.7679361004136357,0.8242498469075321,0.7188251001335113,25.32384,2025-10-03 02:41:46,
275,basic,tfidf_bigram,none,LightGBM (Tuned),0.9490505848397387,0.724766125061546,0.9403747870528109,0.5895861148197596,0.724766125061546,0.9719269464485997,0.25000000000000006,0.9492024912653805,0.7633739031984149,0.8121047877145439,0.7201602136181575,25.280617,2025-10-03 02:42:11,
276,basic,tfidf_bigram,random_oversample,Logistic Regression (Balanced),0.915904602764697,0.6989340874483359,0.5896494769682511,0.8579439252336448,0.6989340874483359,0.9511264919838972,0.8500000000000002,0.9512380373689807,0.7620459599703484,0.8566666666666667,0.6862483311081442,1.745851,2025-10-03 02:42:13,
277,basic,tfidf_bigram,random_oversample,Logistic Regression (C=0.1),0.9105574965821054,0.6852683344023947,0.5714031021572473,0.855807743658211,0.6852683344023947,0.9478716622990296,0.7000000000000002,0.9439465289381741,0.7450601077794666,0.7720504009163803,0.7198931909212283,0.876825,2025-10-03 02:42:14,
278,basic,tfidf_bigram,random_oversample,Logistic Regression (C=10),0.912957618107246,0.6911051212938005,0.5795660036166366,0.855807743658211,0.6911051212938005,0.9493413491291663,0.8500000000000002,0.9489594409843536,0.7649034424853065,0.8035871802411055,0.7297730307076101,2.355968,2025-10-03 02:42:16,
279,basic,tfidf_bigram,random_oversample,Random Forest (100 trees),0.937293027495063,0.6741395642563941,0.824642719196601,0.5700934579439252,0.6741395642563941,0.9653085921742638,0.3500000000000001,0.9344675679781255,0.7157728290947424,0.7065556711758585,0.7252336448598131,338.727964,2025-10-03 02:47:55,
280,basic,tfidf_bigram,random_oversample,Random Forest (200 trees),0.7954428072307459,0.4692156089869925,0.33288590604026846,0.7946595460614152,0.4692156089869925,0.8733088719540879,0.6000000000000002,0.9156311711985416,0.5967765355016698,0.6540420114576703,0.5487316421895861,59.489468,2025-10-03 02:48:54,
281,basic,tfidf_bigram,random_oversample,Naive Bayes,0.8630107853562206,0.5873524297611421,0.4468114731272626,0.8568758344459279,0.5873524297611421,0.9178733402546309,0.8000000000000002,0.9399361993012304,0.7093929148904895,0.7890778286461739,0.6443257676902536,0.192123,2025-10-03 02:48:54,
282,basic,tfidf_bigram,random_oversample,Naive Bayes (alpha=0.1),0.8640133677654565,0.5888296895094617,0.4488166923400084,0.855807743658211,0.5888296895094617,0.9185352358765289,0.8000000000000002,0.9397842928755886,0.7094693638229258,0.7864803379915503,0.6461949265687583,0.181566,2025-10-03 02:48:55,
283,basic,tfidf_bigram,random_oversample,XGBoost,0.9187604435667629,0.6946791504909797,0.6068222621184919,0.812283044058745,0.6946791504909797,0.9531469021586768,0.6500000000000001,0.945708643475619,0.7531426992678547,0.7801946193474528,0.7279038718291054,44.56252,2025-10-03 02:49:39,
284,basic,tfidf_bigram,random_oversample,XGBoost (Tuned),0.9159349840498253,0.6853894258101194,0.5968316831683168,0.8048064085447263,0.6853894258101194,0.9514859296922942,0.6500000000000001,0.9454959744797204,0.7462517680339462,0.7933834586466165,0.7044058744993325,89.825629,2025-10-03 02:51:09,
285,basic,tfidf_bigram,random_oversample,LightGBM,0.9164210846118791,0.6932084309133489,0.5951742627345844,0.8299065420560747,0.6932084309133489,0.9516205617009303,0.7000000000000002,0.9481391462858879,0.7605554776265956,0.8011229314420804,0.7238985313751669,36.806012,2025-10-03 02:51:46,
286,basic,tfidf_bigram,random_oversample,LightGBM (Tuned),0.9168768038888045,0.6886663632225762,0.6000396589331747,0.8080106809078772,0.6886663632225762,0.9520353423792994,0.7000000000000002,0.9481999088561446,0.745787982704637,0.8443619176232275,0.6678237650200267,36.124696,2025-10-03 02:52:22,
287,basic,tfidf_bigram,random_undersample,Logistic Regression (Balanced),0.9041470454200212,0.6720033267491423,0.5502213142662581,0.8630173564753004,0.6720033267491423,0.9438721958335557,0.7000000000000002,0.9403919185781558,0.7383302213923713,0.7375432986943778,0.7391188251001335,0.303527,2025-10-03 02:52:22,
288,basic,tfidf_bigram,random_undersample,Logistic Regression (C=0.1),0.8894425034178945,0.6308956283598742,0.5086686293752044,0.8304405874499332,0.6308956283598742,0.9349841882403388,0.6500000000000001,0.9337991797053016,0.6897337320233519,0.7388651616839537,0.6467289719626168,0.208423,2025-10-03 02:52:22,
289,basic,tfidf_bigram,random_undersample,Logistic Regression (C=10),0.8937870271912501,0.65005005005005,0.5199359487590072,0.867022696929239,0.65005005005005,0.9373925501432665,0.8500000000000002,0.9444630107853562,0.7455456570155902,0.7787147426577493,0.715086782376502,0.373265,2025-10-03 02:52:23,
290,basic,tfidf_bigram,random_undersample,Random Forest (100 trees),0.8737049977214036,0.5972289506830734,0.46867396593673966,0.8229639519359145,0.5972289506830734,0.9251112432218199,0.6500000000000001,0.921130183806775,0.6553372278279341,0.6517031951412727,0.6590120160213618,12.804841,2025-10-03 02:52:36,
291,basic,tfidf_bigram,random_undersample,Random Forest (200 trees),0.7870271912501898,0.4726944486234391,0.32903969001989736,0.8389853137516688,0.4726944486234391,0.8665676869194457,0.6000000000000002,0.9193073066990733,0.6228344220391934,0.6651501364877161,0.5855807743658211,4.66035,2025-10-03 02:52:40,
292,basic,tfidf_bigram,random_undersample,Naive Bayes,0.8573294850372171,0.5798890678117731,0.43602852145836135,0.8654205607476636,0.5798890678117731,0.9140745077947742,0.8000000000000002,0.9393285735986632,0.7047168416383262,0.7895957587806495,0.6363150867823765,0.14213,2025-10-03 02:52:40,
293,basic,tfidf_bigram,random_undersample,Naive Bayes (alpha=0.1),0.8614613398146742,0.585379159847245,0.4438163518544051,0.8595460614152203,0.585379159847245,0.916836883571637,0.8000000000000002,0.9388728543217378,0.7076431269979657,0.7762193178195729,0.650200267022697,0.13943,2025-10-03 02:52:41,
294,basic,tfidf_bigram,random_undersample,XGBoost,0.903448275862069,0.6633474576271187,0.5497805092186128,0.8360480640854473,0.6633474576271187,0.9436424898031566,0.7500000000000002,0.9457694060458758,0.7448177269478199,0.8015384615384615,0.6955941255006676,17.209968,2025-10-03 02:52:58,
295,basic,tfidf_bigram,random_undersample,XGBoost (Tuned),0.9068509797964454,0.6676062445793582,0.5619638620186166,0.8221628838451268,0.6676062445793582,0.9458361304455358,0.7000000000000002,0.9450098739176667,0.7418710781517399,0.7961432506887053,0.6945260347129506,34.485487,2025-10-03 02:53:32,
296,basic,tfidf_bigram,random_undersample,LightGBM,0.9085523317636336,0.677038626609442,0.5659192825112107,0.842456608811749,0.677038626609442,0.9467350911343125,0.7500000000000002,0.9476226644387058,0.7544159544159544,0.8085496183206107,0.7070761014686249,6.687602,2025-10-03 02:53:39,
297,basic,tfidf_bigram,random_undersample,LightGBM (Tuned),0.9087042381892754,0.6729785613233213,0.5679647318148421,0.825634178905207,0.6729785613233213,0.9469465581469254,0.7000000000000002,0.9451617803433086,0.7424004566861709,0.7973635806253832,0.6945260347129506,6.352882,2025-10-03 02:53:45,
298,basic,tfidf_bigram,smote,Logistic Regression (Balanced),0.9002582409235911,0.654093351596249,0.5402018795683954,0.8288384512683578,0.654093351596249,0.9417277551962229,0.8500000000000002,0.9480176211453745,0.7432858214553638,0.8482876712328767,0.661415220293725,1.34324,2025-10-03 02:53:53,
299,basic,tfidf_bigram,smote,Logistic Regression (C=0.1),0.8831231961111955,0.6120802662095391,0.49173687621516526,0.8104138851802403,0.6120802662095391,0.9311966805572943,0.7500000000000002,0.9375968403463466,0.6990917081746264,0.774423888347939,0.6371161548731642,0.820879,2025-10-03 02:53:54,
300,basic,tfidf_bigram,smote,Logistic Regression (C=10),0.903539419717454,0.6609717031500267,0.550711743772242,0.8264352469959947,0.6609717031500267,0.9437704772868148,0.8500000000000002,0.9461643627525445,0.751123595505618,0.7922962962962963,0.7140186915887851,1.505323,2025-10-03 02:53:56,
301,basic,tfidf_bigram,smote,Random Forest (100 trees),0.9290596992252772,0.6333804364892448,0.7686737804878049,0.538584779706275,0.6333804364892448,0.9607305628899615,0.40000000000000013,0.9264165274191098,0.6720823178987273,0.681680856907443,0.6627503337783711,384.576266,2025-10-03 03:00:20,
302,basic,tfidf_bigram,smote,Random Forest (200 trees),0.818259152362145,0.46040050514162006,0.34763656177632474,0.6814419225634178,0.46040050514162006,0.8907277509864094,0.6000000000000002,0.8849764545040255,0.4903069466882068,0.49443388541949496,0.4862483311081442,68.748196,2025-10-03 03:01:29,
303,basic,tfidf_bigram,smote,Naive Bayes,0.8828497645450403,0.6166235832173395,0.49120861713923647,0.8280373831775701,0.6166235832173395,0.9308613641253676,0.7500000000000002,0.9371411210694213,0.7066496526300865,0.7533252720677146,0.6654205607476635,0.187012,2025-10-03 03:01:29,
304,basic,tfidf_bigram,smote,Naive Bayes (alpha=0.1),0.883578915388121,0.6174121405750799,0.49306330728751396,0.825634178905207,0.6174121405750799,0.9313433905471745,0.7500000000000002,0.9368373082181376,0.7054823629409265,0.7513578756789379,0.664886515353805,0.193433,2025-10-03 03:01:30,
305,basic,tfidf_bigram,smote,XGBoost,0.9227403919185782,0.6845304552785014,0.6392493049119555,0.7367156208277703,0.6845304552785014,0.9559798507850231,0.6000000000000002,0.9413033571320066,0.7230504587155964,0.780563293098112,0.6734312416555407,53.171561,2025-10-03 03:02:23,
306,basic,tfidf_bigram,smote,XGBoost (Tuned),0.9117727479872398,0.6546146527117032,0.590177996997641,0.7348464619492657,0.6546146527117032,0.9494270488662881,0.6000000000000002,0.9386905666109676,0.7073665893271461,0.7740399873056173,0.6512683578104139,110.012815,2025-10-03 03:04:13,
307,basic,tfidf_bigram,smote,LightGBM,0.9245328877411515,0.6903515332834704,0.6474164133738601,0.7393858477970627,0.6903515332834704,0.9570301688347633,0.6000000000000002,0.940148868297129,0.7213578500707214,0.7669172932330827,0.6809078771695594,42.251676,2025-10-03 03:04:55,
308,basic,tfidf_bigram,smote,LightGBM (Tuned),0.9063344979492632,0.6408015845275544,0.5684167011161637,0.7343124165554072,0.6408015845275544,0.9461456495536884,0.6500000000000001,0.9389336168919945,0.7005363528009535,0.7923828783282777,0.6277703604806408,40.569002,2025-10-03 03:05:36,
309,basic,tfidf_trigram,none,Logistic Regression (Balanced),0.925079750873462,0.7253285809757184,0.6222052360022932,0.8694259012016021,0.7253285809757184,0.9566242172658833,0.7500000000000002,0.951268418654109,0.778941565600882,0.8048988892053546,0.7546061415220294,0.919925,2025-10-03 03:06:28,
310,basic,tfidf_trigram,none,Logistic Regression (C=0.1),0.9099802521646666,0.6838117596841319,0.5694987557767508,0.8555407209612818,0.6838117596841319,0.9475194388848545,0.6500000000000001,0.9417894576940604,0.7420570813139472,0.748303013847407,0.7359145527369827,0.71993,2025-10-03 03:06:29,
311,basic,tfidf_trigram,none,Logistic Regression (C=10),0.9231353486252468,0.7170655334377097,0.6168943621319992,0.8560747663551402,0.7170655334377097,0.9555266488538884,0.8500000000000002,0.9520887133525748,0.7782932658512582,0.8218527315914489,0.7391188251001335,1.586892,2025-10-03 03:06:30,
312,basic,tfidf_trigram,none,Random Forest (100 trees),0.934680236974024,0.6272538141470181,0.8942165101334651,0.48304405874499334,0.6272538141470181,0.9642036562219041,0.30000000000000004,0.9392070484581497,0.7224302954640033,0.7517321016166282,0.6953271028037383,148.814,2025-10-03 03:08:59,
313,basic,tfidf_trigram,none,Random Forest (200 trees),0.7806167400881058,0.4479779833346074,0.3138389031705227,0.7823765020026703,0.4479779833346074,0.863106409600182,0.6000000000000002,0.9093422451769709,0.5639976621858562,0.622781542433043,0.5153538050734312,27.801212,2025-10-03 03:09:27,
314,basic,tfidf_trigram,none,Naive Bayes,0.9423970833966276,0.6926070038910506,0.8815517952950888,0.5703604806408544,0.6926070038910506,0.9682209781770641,0.3500000000000001,0.9416983138386754,0.7251110156138089,0.7821384425216317,0.6758344459279039,0.167684,2025-10-03 03:09:27,
315,basic,tfidf_trigram,none,Naive Bayes (alpha=0.1),0.9426097523925262,0.7015326275872966,0.8591331269349846,0.5927903871829105,0.7015326275872966,0.9682526344095057,0.3500000000000001,0.9381133221935288,0.7179061071873701,0.7456846950517837,0.6921228304405874,0.174456,2025-10-03 03:09:27,
316,basic,tfidf_trigram,none,XGBoost,0.9524532887741152,0.752098843655948,0.9244548286604362,0.6339118825100134,0.752098843655948,0.9737049918510677,0.25000000000000006,0.951268418654109,0.7776545605766565,0.8085903718650908,0.7489986648865153,67.078772,2025-10-03 03:10:34,
317,basic,tfidf_trigram,none,XGBoost (Tuned),0.9497189731125627,0.7288218908733409,0.9431721798134012,0.5938584779706275,0.7288218908733409,0.9722905888459156,0.25000000000000006,0.9517849005012912,0.7742853079220594,0.8283627510651248,0.7268357810413886,134.881237,2025-10-03 03:12:49,
318,basic,tfidf_trigram,none,LightGBM,0.9526963390551421,0.7549189359357784,0.9194785276073619,0.6403204272363151,0.7549189359357784,0.973821813474116,0.30000000000000004,0.9537293027495063,0.783202846975089,0.838719512195122,0.7345794392523365,37.978837,2025-10-03 03:13:27,
319,basic,tfidf_trigram,none,LightGBM (Tuned),0.9499012608233328,0.730335241210139,0.9421940928270042,0.5962616822429907,0.730335241210139,0.972385497781127,0.25000000000000006,0.9517545192161628,0.7743035815804434,0.8277119416590701,0.727369826435247,36.723146,2025-10-03 03:14:04,
320,basic,tfidf_trigram,random_oversample,Logistic Regression (Balanced),0.9253531824396172,0.7240256093451646,0.6248545948041877,0.8606141522029372,0.7240256093451646,0.95683946106417,0.7500000000000002,0.9508734619474404,0.7788264259335248,0.7983735277621985,0.7602136181575434,3.661519,2025-10-03 03:14:08,
321,basic,tfidf_trigram,random_oversample,Logistic Regression (C=0.1),0.9177882424426553,0.7043269230769231,0.5960791566487886,0.8606141522029372,0.7043269230769231,0.952256607502029,0.7000000000000002,0.9477138082940908,0.7561977617226237,0.8053711526855764,0.7126835781041388,0.923694,2025-10-03 03:14:09,
322,basic,tfidf_trigram,random_oversample,Logistic Regression (C=10),0.9235606866170439,0.7165389815232086,0.6197622295848763,0.8491321762349799,0.7165389815232086,0.9558239983144292,0.8500000000000002,0.9525140513443718,0.7806315789473685,0.8227810650887574,0.7425901201602136,3.496561,2025-10-03 03:14:12,
323,basic,tfidf_trigram,random_oversample,Random Forest (100 trees),0.9378095093422452,0.6720076910751482,0.8401442307692307,0.5599465954606142,0.6720076910751482,0.9656480222859923,0.3500000000000001,0.9374449339207048,0.7255032662311692,0.7244408945686901,0.7265687583444593,353.348008,2025-10-03 03:20:06,
324,basic,tfidf_trigram,random_oversample,Random Forest (200 trees),0.7829560990429896,0.45804885449855864,0.31991098866165096,0.8061415220293725,0.45804885449855864,0.864306336423036,0.6000000000000002,0.9122284672641653,0.5795371852714306,0.6369161868202176,0.5316421895861149,48.888495,2025-10-03 03:20:54,
325,basic,tfidf_trigram,random_oversample,Naive Bayes,0.8582713048761963,0.584557841303767,0.4385355424906467,0.8763684913217623,0.584557841303767,0.9145620043588946,0.8000000000000002,0.9375968403463466,0.717391304347826,0.7399943230201533,0.696128170894526,0.20119,2025-10-03 03:20:55,
326,basic,tfidf_trigram,random_oversample,Naive Bayes (alpha=0.1),0.8601245632690263,0.5872332795409718,0.4420299635578351,0.8744993324432577,0.5872332795409718,0.9157948642914624,0.8000000000000002,0.9373234087801914,0.7169707778844835,0.7373024830699775,0.6977303070761015,0.20265,2025-10-03 03:20:55,
327,basic,tfidf_trigram,random_oversample,XGBoost,0.9214947592283154,0.7018232171705516,0.6179638284901443,0.8120160213618157,0.7018232171705516,0.9547967252116717,0.7000000000000002,0.9497189731125627,0.7584294263611152,0.836445589182228,0.6937249666221629,75.977465,2025-10-03 03:22:11,
328,basic,tfidf_trigram,random_oversample,XGBoost (Tuned),0.9186389184262495,0.6934523809523809,0.6068924063313965,0.8088117489986649,0.6934523809523809,0.9530948961361965,0.6500000000000001,0.9468935135956251,0.752337772740153,0.8013884696649562,0.7089452603471295,153.352847,2025-10-03 03:24:44,
329,basic,tfidf_trigram,random_oversample,LightGBM,0.9205833206744646,0.7052322958953541,0.610384540308413,0.8349799732977303,0.7052322958953541,0.9541097573821143,0.7000000000000002,0.9507215555217986,0.7718064153066967,0.815640796907523,0.7324432576769025,53.503289,2025-10-03 03:25:38,
330,basic,tfidf_trigram,random_oversample,LightGBM (Tuned),0.9187908248518912,0.6943396226415094,0.6072,0.8106809078771695,0.6943396226415094,0.9531750897784006,0.6500000000000001,0.947227707732037,0.7540008497379974,0.8027744270205066,0.7108144192256342,52.098682,2025-10-03 03:26:30,
331,basic,tfidf_trigram,random_undersample,Logistic Regression (Balanced),0.9112866474251861,0.6900212314225053,0.5726872246696035,0.8678237650200267,0.6900212314225053,0.948236128346038,0.7000000000000002,0.946042837612031,0.756244853143014,0.7780288054221971,0.7356475300400535,0.282944,2025-10-03 03:26:30,
332,basic,tfidf_trigram,random_undersample,Logistic Regression (C=0.1),0.8899893665502051,0.6327958624885914,0.5101373446697187,0.8331108144192256,0.6327958624885914,0.9353034715646161,0.6000000000000002,0.9282090232416831,0.692037012902385,0.6759164969450102,0.7089452603471295,0.268761,2025-10-03 03:26:30,
333,basic,tfidf_trigram,random_undersample,Logistic Regression (C=10),0.8994987087953821,0.6634791454730417,0.5359079704190632,0.8707610146862483,0.6634791454730417,0.9409285714285714,0.8500000000000002,0.9471973264469087,0.7580734966592427,0.7917999418435592,0.7271028037383177,0.719913,2025-10-03 03:26:31,
334,basic,tfidf_trigram,random_undersample,Random Forest (100 trees),0.8754974935439769,0.6008182349503215,0.472933599141236,0.823497997329773,0.6008182349503215,0.9262472104240156,0.6500000000000001,0.9202795078231809,0.6492916332531409,0.64998662028365,0.6485981308411215,14.556472,2025-10-03 03:26:46,
335,basic,tfidf_trigram,random_undersample,Random Forest (200 trees),0.7682819383259912,0.45228007181328544,0.3093320235756385,0.8408544726301735,0.45228007181328544,0.8530584722088431,0.6000000000000002,0.9202795078231809,0.6101040118870729,0.6877721943048576,0.5481975967957277,4.716062,2025-10-03 03:26:50,
336,basic,tfidf_trigram,random_undersample,Naive Bayes,0.8478809053622969,0.5703989703989704,0.4202275600505689,0.8875834445927904,0.5703989703989704,0.9075772958006461,0.8000000000000002,0.9381740847637855,0.7157424221259953,0.7504393673110721,0.6841121495327103,0.155952,2025-10-03 03:26:51,
337,basic,tfidf_trigram,random_undersample,Naive Bayes (alpha=0.1),0.8546255506607929,0.5791926831413244,0.43181222134801994,0.879305740987984,0.5791926831413244,0.9121357351401972,0.8000000000000002,0.936199301230442,0.7145963577058984,0.7276501522280653,0.7020026702269693,0.152837,2025-10-03 03:26:51,
338,basic,tfidf_trigram,random_undersample,XGBoost,0.9109220720036457,0.682546556951061,0.5740302312875615,0.8416555407209613,0.682546556951061,0.9481923878856416,0.7000000000000002,0.9457390247607473,0.7546703296703297,0.7770862800565771,0.7335113484646195,22.090483,2025-10-03 03:27:13,
339,basic,tfidf_trigram,random_undersample,XGBoost (Tuned),0.9113474099954428,0.6799034664326459,0.5769875256004469,0.8275033377837117,0.6799034664326459,0.9485488591882075,0.7000000000000002,0.9464074130335713,0.7462600690448792,0.8088556283130651,0.6926568758344459,43.212035,2025-10-03 03:27:56,
340,basic,tfidf_trigram,random_undersample,LightGBM,0.9150539267811029,0.6930171277997365,0.5884765989185158,0.8427236315086782,0.6930171277997365,0.9507069567363633,0.7500000000000002,0.9497797356828194,0.7636207636207636,0.8220443349753694,0.7129506008010681,9.04477,2025-10-03 03:28:05,
341,basic,tfidf_trigram,random_undersample,LightGBM (Tuned),0.9135652438098132,0.685252793450603,0.5850018889308651,0.8269692923898532,0.685252793450603,0.9499040340899086,0.7000000000000002,0.9468935135956251,0.7481268011527378,0.8125195618153365,0.6931909212283044,8.421425,2025-10-03 03:28:14,
342,basic,tfidf_trigram,smote,Logistic Regression (Balanced),0.9066990733708036,0.6693227091633466,0.560808372428726,0.8299065420560747,0.6693227091633466,0.9456873529879914,0.8500000000000002,0.9505392678110284,0.7545235223160435,0.8666435746449601,0.668090787716956,2.593184,2025-10-03 03:28:23,
343,basic,tfidf_trigram,smote,Logistic Regression (C=0.1),0.8827890019747835,0.6118712273641851,0.49087974172719934,0.8120160213618157,0.6118712273641851,0.9309715512614063,0.7500000000000002,0.9389943794622513,0.7015457788347206,0.7911498491451558,0.630173564753004,0.911276,2025-10-03 03:28:24,
344,basic,tfidf_trigram,smote,Logistic Regression (C=10),0.9112562661400577,0.6807301344409225,0.576239822353812,0.8315086782376502,0.6807301344409225,0.9484659762530654,0.8500000000000002,0.9469542761658818,0.7584394023242944,0.7869652598334769,0.7319092122830441,3.725028,2025-10-03 03:28:28,
345,basic,tfidf_trigram,smote,Random Forest (100 trees),0.9299407564939997,0.6336193199872895,0.7822675559042762,0.5324432576769025,0.6336193199872895,0.9612671324912658,0.3500000000000001,0.922649248063193,0.6799899446958271,0.6423652339111849,0.7222963951935915,406.817777,2025-10-03 03:35:15,
346,basic,tfidf_trigram,smote,Random Forest (200 trees),0.802187452529242,0.44364692813808426,0.326212616235235,0.6931909212283044,0.44364692813808426,0.879708832929961,0.6000000000000002,0.8845207352271001,0.48236415633937085,0.49221789883268485,0.47289719626168225,53.898972,2025-10-03 03:36:09,
347,basic,tfidf_trigram,smote,Naive Bayes,0.8758013063952605,0.6095510983763133,0.4744981412639405,0.8520694259012016,0.6095510983763133,0.9261560693641618,0.8000000000000002,0.939814674160717,0.7159856630824373,0.7730650154798762,0.6667556742323097,0.237271,2025-10-03 03:36:09,
348,basic,tfidf_trigram,smote,Naive Bayes (alpha=0.1),0.87710770165578,0.6104959075589793,0.47740963855421686,0.8464619492656876,0.6104959075589793,0.9270448191901884,0.8000000000000002,0.939055142032508,0.7139189960068454,0.7661463116008571,0.6683578104138852,0.22187,2025-10-03 03:36:09,
349,basic,tfidf_trigram,smote,XGBoost,0.9241075497493544,0.6895351727566492,0.6449662869100209,0.740720961281709,0.6895351727566492,0.9567700401495224,0.6000000000000002,0.9443111043597144,0.7337690631808279,0.8044585987261147,0.6744993324432577,94.37679,2025-10-03 03:37:43,
350,basic,tfidf_trigram,smote,XGBoost (Tuned),0.914051344371867,0.660261798967215,0.5999563509384548,0.734045393858478,0.660261798967215,0.9508025668226006,0.6000000000000002,0.9414248822725201,0.7182933956750438,0.7931590835753469,0.6563417890520694,192.655734,2025-10-03 03:40:56,
351,basic,tfidf_trigram,smote,LightGBM,0.9284824548078384,0.7027777777777777,0.6665868263473054,0.7431241655540721,0.7027777777777777,0.9593507166292523,0.6500000000000001,0.9451921616284369,0.7335302806499261,0.8208264462809918,0.6630173564753004,63.842849,2025-10-03 03:42:00,
352,basic,tfidf_trigram,smote,LightGBM (Tuned),0.9091295761810725,0.6493963193060602,0.5787714166318428,0.739652870493992,0.6493963193060602,0.9478001361280302,0.6500000000000001,0.9406653501443111,0.7088116892798568,0.8024983119513842,0.634712950600801,61.774373,2025-10-03 03:43:02,
353,basic,count_basic,none,Logistic Regression (Balanced),0.9219200972201124,0.714507887136192,0.611755754232452,0.8587449933244325,0.714507887136192,0.954775814739213,0.8500000000000002,0.9511468935135956,0.7719795802609188,0.8231025098276383,0.7268357810413886,6.620355,2025-10-03 03:43:16,
354,basic,count_basic,none,Logistic Regression (C=0.1),0.9260823332826978,0.7262909213634829,0.6275272161741835,0.8619492656875835,0.7262909213634829,0.9572715617920303,0.7000000000000002,0.9494759228315358,0.7754826515458351,0.7842708902239214,0.7668891855807743,4.363756,2025-10-03 03:43:20,
355,basic,count_basic,none,Logistic Regression (C=10),0.918183199149324,0.7035773252614199,0.598501872659176,0.8534045393858478,0.7035773252614199,0.9525420741915587,0.8500000000000002,0.947227707732037,0.7622827425756125,0.7818641212801797,0.7436582109479306,14.30327,2025-10-03 03:43:35,
356,basic,count_basic,none,Random Forest (100 trees),0.9361385386601854,0.641785957736878,0.8869524258125294,0.502803738317757,0.641785957736878,0.9649444648277242,0.25000000000000006,0.9364727327965973,0.7286177806619079,0.7088383838383838,0.7495327102803738,127.395276,2025-10-03 03:45:42,
357,basic,count_basic,none,Random Forest (200 trees),0.7976910223302446,0.4669815096454014,0.33344764517604025,0.7789052069425901,0.4669815096454014,0.8751523332770872,0.6000000000000002,0.9239556433237126,0.6081102238922812,0.7350492051476154,0.5185580774365821,22.969902,2025-10-03 03:46:05,
358,basic,count_basic,none,Naive Bayes,0.9301534254898982,0.7068723702664796,0.6764275256222547,0.7401869158878505,0.7068723702664796,0.9603531826098953,0.8000000000000002,0.9402400121525141,0.7197606496651945,0.7715332926084301,0.6744993324432577,0.175126,2025-10-03 03:46:05,
359,basic,count_basic,none,Naive Bayes (alpha=0.1),0.9300319003493848,0.7062874633337585,0.676025390625,0.7393858477970627,0.7062874633337585,0.9602855714014727,0.7500000000000002,0.9390247607473796,0.7194968553459119,0.7548387096774194,0.6873164218958612,0.172462,2025-10-03 03:46:05,
360,basic,count_basic,none,XGBoost,0.9518760443566763,0.748730964467005,0.9222352481438062,0.630173564753004,0.748730964467005,0.9733897792561234,0.25000000000000006,0.954883791584384,0.7896302592435189,0.8409776704888352,0.7441922563417891,2.617425,2025-10-03 03:46:08,
361,basic,count_basic,none,XGBoost (Tuned),0.948989822269482,0.7242568566267039,0.9406996587030717,0.5887850467289719,0.7242568566267039,0.9718953482532934,0.25000000000000006,0.9537900653197631,0.7796610169491526,0.8521215959468018,0.7185580774365821,5.026422,2025-10-03 03:46:13,
362,basic,count_basic,none,LightGBM,,,,,,,,,,,,,2025-10-03 03:46:13,"Expected np.float32 or np.float64, met type(int64)"
363,basic,count_basic,none,LightGBM (Tuned),,,,,,,,,,,,,2025-10-03 03:46:13,"Expected np.float32 or np.float64, met type(int64)"
364,basic,count_basic,random_oversample,Logistic Regression (Balanced),0.9205225581042078,0.7100421192640213,0.6069736592761038,0.8552736982643525,0.7100421192640213,0.9539501478664977,0.8500000000000002,0.9501139298192314,0.7698345948976731,0.8102685157863676,0.7332443257676903,15.579885,2025-10-03 03:46:29,
365,basic,count_basic,random_oversample,Logistic Regression (C=0.1),0.9261127145678262,0.7259409510930809,0.6279976603626438,0.8600801068090788,0.7259409510930809,0.95730037221715,0.7500000000000002,0.9508126993771836,0.7761028903332873,0.8049340218014917,0.7492656875834446,8.600297,2025-10-03 03:46:37,
366,basic,count_basic,random_oversample,Logistic Regression (C=10),0.9179097675831688,0.7021604938271605,0.5978975032851511,0.8504672897196262,0.7021604938271605,0.9523943761231897,0.8500000000000002,0.9470454200212669,0.7623073776080731,0.7789855072463768,0.7463284379172229,22.614444,2025-10-03 03:47:00,
367,basic,count_basic,random_oversample,Random Forest (100 trees),0.9379614157678869,0.6742182514358647,0.8374950455806579,0.564218958611482,0.6742182514358647,0.9657163963600953,0.3500000000000001,0.9375664590612183,0.7233068533728289,0.7294948397609995,0.717222963951936,299.432772,2025-10-03 03:51:59,
368,basic,count_basic,random_oversample,Random Forest (200 trees),0.7950174692389488,0.4692834106819791,0.3326271186440678,0.7965287049399199,0.4692834106819791,0.872978519118173,0.6000000000000002,0.9256873765760292,0.622996300863132,0.7367845424717463,0.539652870493992,44.489007,2025-10-03 03:52:44,
369,basic,count_basic,random_oversample,Naive Bayes,0.8890171654260975,0.6278145695364239,0.5075782537067546,0.8226969292389853,0.6278145695364239,0.9347853253592787,0.8500000000000002,0.9270545344068054,0.70147954743255,0.6563517915309446,0.7532710280373832,0.19211,2025-10-03 03:52:44,
370,basic,count_basic,random_oversample,Naive Bayes (alpha=0.1),0.8890475467112259,0.62749898000816,0.5076745337514441,0.8213618157543391,0.62749898000816,0.9348159782957912,0.8500000000000002,0.9270241531216771,0.7013180800795822,0.6562718175471259,0.753004005340454,0.216083,2025-10-03 03:52:44,
371,basic,count_basic,random_oversample,XGBoost,0.9269937718365487,0.7179908461448187,0.6404941373534339,0.8168224299065421,0.7179908461448187,0.9580694131811758,0.6500000000000001,0.9517241379310345,0.774705798950801,0.8258766626360339,0.7295060080106809,3.537714,2025-10-03 03:52:48,
372,basic,count_basic,random_oversample,XGBoost (Tuned),0.9230138234847334,0.7045242537313433,0.6253363692817222,0.806675567423231,0.7045242537313433,0.9557410835924127,0.6500000000000001,0.9513595625094942,0.7667880553532411,0.8435897435897436,0.702803738317757,6.439543,2025-10-03 03:52:54,
373,basic,count_basic,random_oversample,LightGBM,,,,,,,,,,,,,2025-10-03 03:52:54,"Expected np.float32 or np.float64, met type(int64)"
374,basic,count_basic,random_oversample,LightGBM (Tuned),,,,,,,,,,,,,2025-10-03 03:52:54,"Expected np.float32 or np.float64, met type(int64)"
375,basic,count_basic,random_undersample,Logistic Regression (Balanced),0.9000455719276925,0.664422684618523,0.5375474500742696,0.8696929238985314,0.664422684618523,0.9412772641273695,0.8500000000000002,0.9433692845207352,0.7453551912568306,0.7630769230769231,0.7284379172229639,1.387137,2025-10-03 03:52:56,
376,basic,count_basic,random_undersample,Logistic Regression (C=0.1),0.909433389032356,0.6858467699441458,0.5665041782729805,0.8688918558077436,0.6858467699441458,0.9470900410003372,0.6500000000000001,0.9396931490202035,0.743307901202638,0.7206619859578737,0.7674232309746328,0.704811,2025-10-03 03:52:56,
377,basic,count_basic,random_undersample,Logistic Regression (C=10),0.8742822421388424,0.6134877638707267,0.47177129722740985,0.8769025367156208,0.6134877638707267,0.9249328786009724,0.8500000000000002,0.9195807382652286,0.689719845270191,0.6147095695779357,0.7855807743658211,2.797038,2025-10-03 03:52:59,
378,basic,count_basic,random_undersample,Random Forest (100 trees),0.8873765760291661,0.6223127865511972,0.5031301482701812,0.8154873164218959,0.6223127865511972,0.9338212978666429,0.6000000000000002,0.9171198541698314,0.6576305220883534,0.6204120293630121,0.6995994659546061,10.992244,2025-10-03 03:53:10,
379,basic,count_basic,random_undersample,Random Forest (200 trees),0.7835029621753,0.4669359664871335,0.3243271329107347,0.8333778371161549,0.4669359664871335,0.8641683504250696,0.6000000000000002,0.9266899589852651,0.6357735849056604,0.73125,0.5623497997329773,3.432699,2025-10-03 03:53:14,
380,basic,count_basic,random_undersample,Naive Bayes,0.8856752240619779,0.622983668971045,0.4985567671584349,0.830173564753004,0.622983668971045,0.9326218911708356,0.8500000000000002,0.9247151754519216,0.6966209598432909,0.6432285778883111,0.7596795727636849,0.142404,2025-10-03 03:53:14,
381,basic,count_basic,random_undersample,Naive Bayes (alpha=0.1),0.885857511772748,0.6230560850807665,0.4990356798457088,0.829105473965287,0.6230560850807665,0.9327461826253514,0.8500000000000002,0.9246847941667933,0.6967584097859327,0.6428893905191874,0.7604806408544726,0.137369,2025-10-03 03:53:14,
382,basic,count_basic,random_undersample,XGBoost,0.9162084156159805,0.6932146829810901,0.5940896091515729,0.8320427236315087,0.6932146829810901,0.9514778325123153,0.7000000000000002,0.949749354397691,0.7640513552068474,0.8202143950995405,0.715086782376502,1.170297,2025-10-03 03:53:15,
383,basic,count_basic,random_undersample,XGBoost (Tuned),0.9146589700744342,0.686320491345617,0.5898272552783109,0.8205607476635514,0.686320491345617,0.9506109890109891,0.6500000000000001,0.9486860094181984,0.7597097737942808,0.8130328867235079,0.7129506008010681,2.104498,2025-10-03 03:53:17,
384,basic,count_basic,random_undersample,LightGBM,,,,,,,,,,,,,2025-10-03 03:53:17,"Expected np.float32 or np.float64, met type(int64)"
385,basic,count_basic,random_undersample,LightGBM (Tuned),,,,,,,,,,,,,2025-10-03 03:53:17,"Expected np.float32 or np.float64, met type(int64)"
386,basic,count_basic,smote,Logistic Regression (Balanced),0.897979644538964,0.6442042805679169,0.5339891094326366,0.8117489986648865,0.6442042805679169,0.9404525464604908,0.8500000000000002,0.9470758013063952,0.7491359447004609,0.8130665833072835,0.6945260347129506,7.195627,2025-10-03 03:53:32,
387,basic,count_basic,smote,Logistic Regression (C=0.1),0.8880145830168616,0.6211716341212744,0.5049289891395154,0.8069425901201602,0.6211716341212744,0.9342959001782531,0.8000000000000002,0.9451313990581801,0.7330771504581732,0.8209202250910295,0.6622162883845126,4.927992,2025-10-03 03:53:36,
388,basic,count_basic,smote,Logistic Regression (C=10),0.8984961263861462,0.6454420036081927,0.5355759070095104,0.8120160213618157,0.6454420036081927,0.9407697626181147,0.8500000000000002,0.9439161476530458,0.7431116059003618,0.7759372275501307,0.7129506008010681,11.758741,2025-10-03 03:53:48,
389,basic,count_basic,smote,Random Forest (100 trees),0.8947288470302294,0.5443786982248521,0.5362694300518135,0.5527369826435247,0.5443786982248521,0.9404894804637184,0.40000000000000013,0.876348169527571,0.5535322509872751,0.46974492645689814,0.6736982643524699,434.92378,2025-10-03 04:01:03,
390,basic,count_basic,smote,Random Forest (200 trees),0.7778520431414249,0.39480218506869724,0.28607412738395105,0.636849132176235,0.39480218506869724,0.863957728659671,0.6000000000000002,0.8480328117879387,0.4168803916996969,0.36995654872749845,0.4774365821094793,53.065879,2025-10-03 04:01:56,
391,basic,count_basic,smote,Naive Bayes,0.9252012760139754,0.6675668376991628,0.6752253482655012,0.6600801068090788,0.6675668376991628,0.9578597836505546,0.8000000000000002,0.9362296825155704,0.6840283004666566,0.7839889579020014,0.6066755674232309,0.198239,2025-10-03 04:01:56,
392,basic,count_basic,smote,Naive Bayes (alpha=0.1),0.9253531824396172,0.6673886557465818,0.6768259198242724,0.6582109479305741,0.6673886557465818,0.9579590370104204,0.8000000000000002,0.9361385386601854,0.683433734939759,0.7837651122625215,0.6058744993324433,0.213052,2025-10-03 04:01:57,
393,basic,count_basic,smote,XGBoost,0.9502658362448732,0.7406116304864522,0.9107560405300078,0.6240320427236316,0.7406116304864522,0.9724961776911575,0.40000000000000013,0.9470150387361386,0.7438307873090482,0.8266405484818805,0.6761014686248331,3.617694,2025-10-03 04:02:00,
394,basic,count_basic,smote,XGBoost (Tuned),0.9438857663679173,0.7027201030098181,0.8845218800648298,0.5829105473965287,0.7027201030098181,0.9690189040038915,0.40000000000000013,0.9417286951238037,0.7171925685638455,0.8007902535396774,0.6493991989319092,6.677503,2025-10-03 04:02:07,
395,basic,count_basic,smote,LightGBM,,,,,,,,,,,,,2025-10-03 04:02:07,"Expected np.float32 or np.float64, met type(int64)"
396,basic,count_basic,smote,LightGBM (Tuned),,,,,,,,,,,,,2025-10-03 04:02:07,"Expected np.float32 or np.float64, met type(int64)"
397,basic,count_bigram,none,Logistic Regression (Balanced),0.9039647577092511,0.6666666666666666,0.5508888114325549,0.8440587449933245,0.6666666666666666,0.94390118373649,0.8500000000000002,0.9447364423515114,0.7403283369022127,0.7953987730061349,0.6923898531375167,8.030374,2025-10-03 04:02:37,
398,basic,count_bigram,none,Logistic Regression (C=0.1),0.9116208415615981,0.6851390843164845,0.5760829996359665,0.8451268357810414,0.6851390843164845,0.948596066512343,0.7500000000000002,0.9440984353638159,0.7425853385562395,0.7799000881575081,0.7086782376502002,4.511878,2025-10-03 04:02:41,
399,basic,count_bigram,none,Logistic Regression (C=10),0.9009570104815434,0.6594944641738041,0.5416023331617773,0.8429906542056075,0.6594944641738041,0.9420506257110353,0.8500000000000002,0.9422451769709859,0.7356417744402726,0.7675565873476494,0.7062750333778371,12.281339,2025-10-03 04:02:54,
400,basic,count_bigram,none,Random Forest (100 trees),0.9344068054078688,0.639023574653068,0.8546511627906976,0.5102803738317757,0.639023574653068,0.9639258801316647,0.30000000000000004,0.9340422299863285,0.7075306479859895,0.7139749864056553,0.7012016021361815,154.816802,2025-10-03 04:05:29,
401,basic,count_bigram,none,Random Forest (200 trees),0.7909159957466201,0.4598964055878198,0.32566411025897524,0.7823765020026703,0.4598964055878198,0.8703661844484629,0.6000000000000002,0.9230138234847334,0.6077399380804953,0.7230202578268876,0.5241655540720961,31.728634,2025-10-03 04:06:00,
402,basic,count_bigram,none,Naive Bayes,0.9212517089472885,0.6697247706422018,0.6405069461369729,0.70173564753004,0.6697247706422018,0.9552964713186851,0.8500000000000002,0.9325535470150388,0.6808510638297872,0.7374649641856119,0.632309746328438,0.233174,2025-10-03 04:06:01,
403,basic,count_bigram,none,Naive Bayes (alpha=0.1),0.9212517089472885,0.6697247706422018,0.6405069461369729,0.70173564753004,0.6697247706422018,0.9552964713186851,0.8500000000000002,0.9326446908704238,0.6811448295699698,0.7381546134663342,0.632309746328438,0.248505,2025-10-03 04:06:01,
404,basic,count_bigram,none,XGBoost,0.9496885918274343,0.7352094659417973,0.9163013152650459,0.6138851802403205,0.7352094659417973,0.972203571908151,0.25000000000000006,0.9484429591371715,0.761489810260014,0.8038575667655786,0.7233644859813084,3.200515,2025-10-03 04:06:04,
405,basic,count_bigram,none,XGBoost (Tuned),0.9482910527115297,0.7191419141914192,0.9412526997840173,0.5818424566088117,0.7191419141914192,0.9715241760080308,0.25000000000000006,0.9498708795382045,0.7608695652173914,0.8320126782884311,0.7009345794392523,6.135075,2025-10-03 04:06:10,
406,basic,count_bigram,none,LightGBM,,,,,,,,,,,,,2025-10-03 04:06:10,"Expected np.float32 or np.float64, met type(int64)"
407,basic,count_bigram,none,LightGBM (Tuned),,,,,,,,,,,,,2025-10-03 04:06:10,"Expected np.float32 or np.float64, met type(int64)"
408,basic,count_bigram,random_oversample,Logistic Regression (Balanced),0.904207807990278,0.665818759936407,0.5520210896309314,0.8387182910547396,0.665818759936407,0.9440907881904425,0.8500000000000002,0.9434604283761203,0.7369611307420495,0.7828828828828829,0.696128170894526,15.058089,2025-10-03 04:06:25,
409,basic,count_bigram,random_oversample,Logistic Regression (C=0.1),0.9112258848549294,0.6835607537361923,0.5749681180542904,0.8427236315086782,0.6835607537361923,0.9483709096049191,0.7500000000000002,0.9442503417894577,0.7464418958131822,0.7734822451317297,0.7212283044058745,7.594085,2025-10-03 04:06:33,
410,basic,count_bigram,random_oversample,Logistic Regression (C=10),0.9010785356220569,0.6587002096436059,0.5421915444348576,0.8389853137516688,0.6587002096436059,0.942156688577012,0.8500000000000002,0.9412122132766216,0.7316599639439745,0.7611079053664166,0.7044058744993325,23.773492,2025-10-03 04:06:57,
411,basic,count_bigram,random_oversample,Random Forest (100 trees),0.9359258696642868,0.6730739420244923,0.8022912047302291,0.5797062750333778,0.6730739420244923,0.9644823927651189,0.3500000000000001,0.9307306699073371,0.7053502196950117,0.6834460305534685,0.7287049399198932,370.791469,2025-10-03 04:13:07,
412,basic,count_bigram,random_oversample,Random Forest (200 trees),0.787877867233784,0.4628404369903062,0.32508375661947475,0.8032042723631508,0.4628404369903062,0.8678452453058753,0.6000000000000002,0.924077168464226,0.618298457308691,0.7223411848679515,0.5404539385847797,56.91308,2025-10-03 04:14:04,
413,basic,count_bigram,random_oversample,Naive Bayes,0.8883183958681452,0.6171630910227036,0.5058903875704286,0.7911882510013352,0.6171630910227036,0.9346233193426763,0.8500000000000002,0.9184870120006077,0.6655030544819848,0.6241814780168382,0.7126835781041388,0.205264,2025-10-03 04:14:05,
414,basic,count_bigram,random_oversample,Naive Bayes (alpha=0.1),0.888379158438402,0.6172119191498229,0.5060652656757219,0.7909212283044059,0.6172119191498229,0.9346635367762128,0.8500000000000002,0.9184870120006077,0.6655864389879098,0.6241234221598878,0.7129506008010681,0.206259,2025-10-03 04:14:05,
415,basic,count_bigram,random_oversample,XGBoost,0.920036457542154,0.6977491961414791,0.61212976022567,0.811214953271028,0.6977491961414791,0.9539231819614159,0.7000000000000002,0.9492632538356373,0.7559906487434249,0.8347854146498871,0.6907877169559412,4.0988,2025-10-03 04:14:09,
416,basic,count_bigram,random_oversample,XGBoost (Tuned),0.9172109980252164,0.6868176071715895,0.6029055690072639,0.7978638184245661,0.6868176071715895,0.9523009329762467,0.6500000000000001,0.9479872398602461,0.7541642734060885,0.8157812985399192,0.7012016021361815,7.29874,2025-10-03 04:14:16,
417,basic,count_bigram,random_oversample,LightGBM,,,,,,,,,,,,,2025-10-03 04:14:16,"Expected np.float32 or np.float64, met type(int64)"
418,basic,count_bigram,random_oversample,LightGBM (Tuned),,,,,,,,,,,,,2025-10-03 04:14:16,"Expected np.float32 or np.float64, met type(int64)"
419,basic,count_bigram,random_undersample,Logistic Regression (Balanced),0.8792647728998937,0.617958084983657,0.48280006008712634,0.8582109479305741,0.617958084983657,0.9283033845709749,0.8500000000000002,0.9338295609904299,0.7078862660944206,0.71112907572083,0.7046728971962617,1.839551,2025-10-03 04:14:18,
420,basic,count_bigram,random_undersample,Logistic Regression (C=0.1),0.896217530001519,0.6533387456870307,0.526927484039941,0.8595460614152203,0.6533387456870307,0.9389738459339717,0.7000000000000002,0.9359562509494151,0.7178045515394913,0.719731543624161,0.7158878504672898,0.924874,2025-10-03 04:14:19,
421,basic,count_bigram,random_undersample,Logistic Regression (C=10),0.8544736442351512,0.573539886039886,0.43021236810471486,0.8600801068090788,0.573539886039886,0.9122678486391443,0.8500000000000002,0.9080966124867081,0.6533745846224361,0.572260136491369,0.7612817089452604,3.197506,2025-10-03 04:14:22,
422,basic,count_bigram,random_undersample,Random Forest (100 trees),0.8734315661552484,0.5980316480123504,0.46819761293246714,0.8275033377837117,0.5980316480123504,0.9248909241697617,0.6500000000000001,0.9188212061370196,0.6509014894172982,0.6372473778459964,0.6651535380507343,12.740631,2025-10-03 04:14:35,
423,basic,count_bigram,random_undersample,Random Forest (200 trees),0.7790672945465593,0.4644277507733098,0.32065493745550694,0.8419225634178905,0.4644277507733098,0.8608282936538314,0.6000000000000002,0.9247151754519216,0.6342975206611571,0.7090069284064665,0.5738317757009346,4.089178,2025-10-03 04:14:39,
424,basic,count_bigram,random_undersample,Naive Bayes,0.8860094181983897,0.6124767609997934,0.4994104766717197,0.7917222963951935,0.6124767609997934,0.9331766046876113,0.8500000000000002,0.9167552787482911,0.6618953603158934,0.6152787336545079,0.716154873164219,0.155788,2025-10-03 04:14:39,
425,basic,count_bigram,random_undersample,Naive Bayes (alpha=0.1),0.8862828497645451,0.6134462459981411,0.5001684068710003,0.7930574098798397,0.6134462459981411,0.9333357080520776,0.8500000000000002,0.9168160413185478,0.6623088307844105,0.6154022461608984,0.7169559412550067,0.152733,2025-10-03 04:14:39,
426,basic,count_bigram,random_undersample,XGBoost,0.9062433540938781,0.6672417511321975,0.5595948634472779,0.8261682242990654,0.6672417511321975,0.9454346134804441,0.7000000000000002,0.9450706364879234,0.7460674157303371,0.786962962962963,0.7092122830440587,1.274233,2025-10-03 04:14:41,
427,basic,count_bigram,random_undersample,XGBoost (Tuned),0.9088561446149173,0.6701846965699209,0.5696131564193608,0.8138851802403204,0.6701846965699209,0.9471216554447068,0.6500000000000001,0.9443111043597144,0.7436005035669324,0.7808460634547592,0.7097463284379172,2.270013,2025-10-03 04:14:43,
428,basic,count_bigram,random_undersample,LightGBM,,,,,,,,,,,,,2025-10-03 04:14:43,"Expected np.float32 or np.float64, met type(int64)"
429,basic,count_bigram,random_undersample,LightGBM (Tuned),,,,,,,,,,,,,2025-10-03 04:14:43,"Expected np.float32 or np.float64, met type(int64)"
430,basic,count_bigram,smote,Logistic Regression (Balanced),0.8944250341789458,0.6347871781397793,0.5233968804159446,0.8064085447263017,0.6347871781397793,0.9382935274793572,0.8500000000000002,0.9456478809053623,0.7387176865780634,0.8152804642166345,0.6753004005340454,9.601441,2025-10-03 04:15:00,
431,basic,count_bigram,smote,Logistic Regression (C=0.1),0.889564028558408,0.6239006725297465,0.5092905405405406,0.8050734312416555,0.6239006725297465,0.9352799786343808,0.8000000000000002,0.9449187300622817,0.7304890738813735,0.823943661971831,0.6560747663551402,5.34496,2025-10-03 04:15:05,
432,basic,count_bigram,smote,Logistic Regression (C=10),0.8938477897615069,0.6336758230236947,0.5216640773347143,0.8069425901201602,0.6336758230236947,0.9379307894549848,0.8500000000000002,0.9437642412274039,0.7382265591854051,0.7847263980757667,0.6969292389853138,15.032709,2025-10-03 04:15:20,
433,basic,count_bigram,smote,Random Forest (100 trees),0.8980707883943491,0.5481481481481482,0.5529891304347826,0.5433911882510013,0.5481481481481482,0.942556287989042,0.45000000000000007,0.8911134740999545,0.5568743818001978,0.5185355744876813,0.6013351134846462,518.886765,2025-10-03 04:23:59,
434,basic,count_bigram,smote,Random Forest (200 trees),0.7824699984809358,0.40123766516139825,0.2920978935833435,0.6405874499332443,0.40123766516139825,0.8670923670923671,0.6000000000000002,0.8442351511468935,0.4171876776173696,0.36322248614410135,0.48998664886515353,68.505652,2025-10-03 04:25:08,
435,basic,count_bigram,smote,Naive Bayes,0.9231961111955036,0.6432401919277448,0.6821310984735109,0.6085447263017356,0.6432401919277448,0.9569658177856462,0.7000000000000002,0.9292723682211758,0.6501352569882777,0.7435544860776899,0.577570093457944,0.255418,2025-10-03 04:25:08,
436,basic,count_bigram,smote,Naive Bayes (alpha=0.1),0.9232568737657603,0.6430186546071227,0.6829780846592615,0.6074766355140186,0.6430186546071227,0.9570071824897028,0.6500000000000001,0.9281178793862981,0.6502069781194559,0.7283868830738656,0.5871829105473966,0.202967,2025-10-03 04:25:08,
437,basic,count_bigram,smote,XGBoost,0.9476226644387058,0.7260012714558169,0.8967412642324303,0.6098798397863818,0.7260012714558169,0.9710437031811616,0.40000000000000013,0.9443111043597144,0.7312710746224894,0.8107932379713915,0.665954606141522,4.152785,2025-10-03 04:25:12,
438,basic,count_bigram,smote,XGBoost (Tuned),0.9431869968099651,0.7012779552715654,0.8727634194831014,0.5861148197596796,0.7012779552715654,0.9686083599127078,0.45000000000000007,0.9409691629955947,0.7044866920152091,0.818374558303887,0.6184245660881175,7.554734,2025-10-03 04:25:20,
439,basic,count_bigram,smote,LightGBM,,,,,,,,,,,,,2025-10-03 04:25:20,"Expected np.float32 or np.float64, met type(int64)"
440,basic,count_bigram,smote,LightGBM (Tuned),,,,,,,,,,,,,2025-10-03 04:25:20,"Expected np.float32 or np.float64, met type(int64)"
441,moderate,tfidf_basic,none,Logistic Regression (Balanced),0.9266291964150084,0.7321131447587355,0.6261859582542695,0.8811748998664887,0.7321131447587355,0.9574936196427,0.7500000000000002,0.9535166337536077,0.7891981262055663,0.8152576145744378,0.7647530040053404,0.738039,2025-10-03 04:25:31,
442,moderate,tfidf_basic,none,Logistic Regression (C=0.1),0.915570408628285,0.7000539665407447,0.5875,0.865954606141522,0.7000539665407447,0.9508706797489613,0.6500000000000001,0.9449187300622817,0.7562844468342519,0.7615051434759069,0.7511348464619493,0.437637,2025-10-03 04:25:32,
443,moderate,tfidf_basic,none,Logistic Regression (C=10),0.9245936503114082,0.7264109347442681,0.6185470245917026,0.8798397863818425,0.7264109347442681,0.9562704816942105,0.8500000000000002,0.9552483670059243,0.7918021201413428,0.8411411411411411,0.7479305740987984,0.76944,2025-10-03 04:25:33,
444,moderate,tfidf_basic,none,Random Forest (100 trees),0.9345890931186389,0.626539462272333,0.8940594059405941,0.4822429906542056,0.626539462272333,0.9641554982102722,0.25000000000000006,0.9366246392222392,0.7283854166666667,0.7108005082592121,0.7468624833110814,117.225977,2025-10-03 04:27:30,
445,moderate,tfidf_basic,none,Random Forest (200 trees),0.8072611271456782,0.47492137063400097,0.3441285834232938,0.7660881174899866,0.47492137063400097,0.8819677011237628,0.6000000000000002,0.9229226796293484,0.595826031543731,0.7385466034755134,0.4993324432576769,25.422108,2025-10-03 04:27:55,
446,moderate,tfidf_basic,none,Naive Bayes,0.9434604283761203,0.683018225174587,0.9430856067732831,0.5353805073431241,0.683018225174587,0.9689621241181474,0.30000000000000004,0.9462858878930579,0.7425742574257426,0.8165225744476465,0.6809078771695594,0.170374,2025-10-03 04:27:56,
447,moderate,tfidf_basic,none,Naive Bayes (alpha=0.1),0.9442503417894577,0.6901907816984636,0.938475665748393,0.5457943925233645,0.6901907816984636,0.9693691889094763,0.30000000000000004,0.9451010177730518,0.7395127576762289,0.8035714285714286,0.684913217623498,0.165661,2025-10-03 04:27:56,
448,moderate,tfidf_basic,none,XGBoost,0.9521190946377032,0.7491244826488379,0.9274733937721719,0.6283044058744993,0.7491244826488379,0.9735339558003627,0.25000000000000006,0.9524229074889868,0.7820155902004454,0.8168072113986624,0.7500667556742323,30.95103,2025-10-03 04:28:27,
449,moderate,tfidf_basic,none,XGBoost (Tuned),0.9495366854017925,0.7274815422477441,0.943404255319149,0.5919893190921228,0.7274815422477441,0.9721938561982088,0.25000000000000006,0.9535166337536077,0.7796024200518582,0.846418517360025,0.7225634178905207,63.674872,2025-10-03 04:29:30,
450,moderate,tfidf_basic,none,LightGBM,0.9536381588941212,0.7586206896551724,0.9305393868839736,0.6403204272363151,0.7586206896551724,0.9743563890569336,0.25000000000000006,0.952939389336169,0.7857834324436455,0.814974182444062,0.758611481975968,17.171022,2025-10-03 04:29:47,
451,moderate,tfidf_basic,none,LightGBM (Tuned),0.949749354397691,0.7280499835580401,0.9473684210526315,0.5911882510013351,0.7280499835580401,0.9723170650063601,0.25000000000000006,0.9539723530305332,0.7825462896512129,0.846058348851645,0.7279038718291054,16.2193,2025-10-03 04:30:04,
452,moderate,tfidf_basic,random_oversample,Logistic Regression (Balanced),0.9279963542457846,0.7354320160750167,0.6318818338768464,0.8795727636849132,0.7354320160750167,0.9583274722183148,0.8000000000000002,0.9553698921464377,0.7915425003547609,0.8446396123561478,0.7447263017356476,1.08264,2025-10-03 04:30:05,
453,moderate,tfidf_basic,random_oversample,Logistic Regression (C=0.1),0.920370651678566,0.7137708856612428,0.6038433111603844,0.872630173564753,0.7137708856612428,0.9537522276921991,0.7000000000000002,0.9491721099802521,0.7672185891192431,0.8009877977919814,0.7361815754339118,0.825496,2025-10-03 04:30:06,
454,moderate,tfidf_basic,random_oversample,Logistic Regression (C=10),0.9258089017165426,0.7294482605805451,0.6233667865934482,0.8790387182910547,0.7294482605805451,0.9570100697134004,0.8500000000000002,0.9542457845966884,0.7908914190502638,0.8238356956899046,0.7604806408544726,0.928465,2025-10-03 04:30:07,
455,moderate,tfidf_basic,random_oversample,Random Forest (100 trees),0.9385994227555826,0.6722879844332739,0.8559042113955408,0.5535380507343124,0.6722879844332739,0.9661264100028494,0.3500000000000001,0.9383867537596841,0.7278582930756844,0.7315888858915565,0.7241655540720962,275.258801,2025-10-03 04:34:42,
456,moderate,tfidf_basic,random_oversample,Random Forest (200 trees),0.8033723226492481,0.4770523594053006,0.3420229405630866,0.7882510013351135,0.4770523594053006,0.8789239345979721,0.6000000000000002,0.925079750873462,0.6118980169971672,0.7451130701418168,0.5190921228304406,46.770103,2025-10-03 04:35:29,
457,moderate,tfidf_basic,random_oversample,Naive Bayes,0.8799939237429744,0.6227316141356256,0.48475836431226765,0.8704939919893191,0.6227316141356256,0.9286488439306358,0.7500000000000002,0.9433389032356069,0.7377302770355787,0.779263220439691,0.7004005340453938,0.197901,2025-10-03 04:35:29,
458,moderate,tfidf_basic,random_oversample,Naive Bayes (alpha=0.1),0.880388880449643,0.622494965960303,0.4856373429084381,0.8667556742323097,0.622494965960303,0.9289363007887944,0.8000000000000002,0.9469542761658818,0.7372855853144749,0.8445363667700793,0.6542056074766355,0.216158,2025-10-03 04:35:29,
459,moderate,tfidf_basic,random_oversample,XGBoost,0.9266899589852651,0.716950146627566,0.6393305439330544,0.8160213618157544,0.716950146627566,0.9578919815024867,0.6500000000000001,0.9489594409843536,0.7640449438202247,0.8059259259259259,0.7263017356475301,36.297559,2025-10-03 04:36:05,
460,moderate,tfidf_basic,random_oversample,XGBoost (Tuned),0.9210390399513899,0.7004725135415466,0.6161800486618005,0.8114819759679572,0.7004725135415466,0.9545255717110213,0.6500000000000001,0.948230290141273,0.7541125541125541,0.8204081632653061,0.6977303070761015,73.299921,2025-10-03 04:37:19,
461,moderate,tfidf_basic,random_oversample,LightGBM,0.9234999240467872,0.7139286525789593,0.6213169863555468,0.8389853137516688,0.7139286525789593,0.9558462509644385,0.7000000000000002,0.9526963390551421,0.7767741935483871,0.8386996904024768,0.7233644859813084,23.397247,2025-10-03 04:37:42,
462,moderate,tfidf_basic,random_oversample,LightGBM (Tuned),0.9201276013975391,0.6975031641928432,0.6128184391427416,0.8093457943925234,0.6975031641928432,0.9539893942841142,0.6500000000000001,0.9482910527115297,0.755530020109164,0.8175318619832141,0.7022696929238985,22.824372,2025-10-03 04:38:05,
463,moderate,tfidf_basic,random_undersample,Logistic Regression (Balanced),0.9146589700744342,0.7004372400554548,0.5830965909090909,0.8769025367156208,0.7004372400554548,0.9502417940587745,0.7000000000000002,0.9476530457238341,0.7666892349356804,0.7777472527472528,0.7559412550066755,0.231587,2025-10-03 04:38:05,
464,moderate,tfidf_basic,random_undersample,Logistic Regression (C=0.1),0.8929059699225277,0.6420956442278404,0.5180209698558322,0.8443257676902537,0.6420956442278404,0.9370322073560672,0.6500000000000001,0.9367461643627526,0.7034188034188035,0.7538931297709923,0.6592790387182911,0.189219,2025-10-03 04:38:05,
465,moderate,tfidf_basic,random_undersample,Logistic Regression (C=10),0.9121069421236518,0.6966551326412919,0.573549723756906,0.8870493991989319,0.6966551326412919,0.9486081750839358,0.8500000000000002,0.9524836700592435,0.7792830934236523,0.8263992816521999,0.7372496662216288,0.257019,2025-10-03 04:38:06,
466,moderate,tfidf_basic,random_undersample,Random Forest (100 trees),0.8794774418957922,0.6060967133353192,0.48245336705659186,0.8149532710280374,0.6060967133353192,0.9288545346939507,0.6500000000000001,0.9232568737657603,0.6579089924160346,0.6674910689749931,0.6485981308411215,11.810157,2025-10-03 04:38:17,
467,moderate,tfidf_basic,random_undersample,Random Forest (200 trees),0.7913413337384171,0.47684338817794025,0.3335820100181179,0.835781041388518,0.47684338817794025,0.8696823649956359,0.6000000000000002,0.9246544128816649,0.6297402209614811,0.7141889603792753,0.563150867823765,4.713024,2025-10-03 04:38:22,
468,moderate,tfidf_basic,random_undersample,Naive Bayes,0.8745252924198693,0.6155278346676597,0.4724882092325282,0.8827770360480641,0.6155278346676597,0.9250290444379902,0.7500000000000002,0.9442503417894577,0.738492233148069,0.7918704156479217,0.6918558077436582,0.247211,2025-10-03 04:38:22,
469,moderate,tfidf_basic,random_undersample,Naive Bayes (alpha=0.1),0.8755278748291053,0.6157020917362349,0.47455176402544824,0.8763684913217623,0.6157020917362349,0.9257372799941996,0.8000000000000002,0.9461339814674161,0.7359642591213701,0.8319865319865319,0.6598130841121496,0.187794,2025-10-03 04:38:23,
470,moderate,tfidf_basic,random_undersample,XGBoost,0.9118335105574966,0.6838091087382873,0.5775814467145224,0.837917222963952,0.6838091087382873,0.9487749770528843,0.7000000000000002,0.9485341029925566,0.7626786214625946,0.8022399056881816,0.7268357810413886,11.876593,2025-10-03 04:38:34,
471,moderate,tfidf_basic,random_undersample,XGBoost (Tuned),0.9120461795533951,0.6814831114534052,0.5795284431137725,0.8269692923898532,0.6814831114534052,0.948978692656104,0.7000000000000002,0.9480783837156311,0.7495970695970696,0.8305194805194805,0.6830440587449933,22.535926,2025-10-03 04:38:57,
472,moderate,tfidf_basic,random_undersample,LightGBM,0.9186996809965061,0.7049614112458655,0.6003755868544601,0.8536715620827771,0.7049614112458655,0.9528541226215644,0.7000000000000002,0.9505696490961568,0.774934292433255,0.8039609644087256,0.7479305740987984,4.89116,2025-10-03 04:39:02,
473,moderate,tfidf_basic,random_undersample,LightGBM (Tuned),0.9132310496734012,0.6841406768414068,0.5839154238248065,0.8259012016021362,0.6841406768414068,0.9497076847221244,0.6500000000000001,0.9463466504633146,0.7550624133148405,0.7855699855699856,0.7268357810413886,4.456812,2025-10-03 04:39:06,
474,moderate,tfidf_basic,smote,Logistic Regression (Balanced),0.9099498708795382,0.6808098212362697,0.5704746435661433,0.8440587449933245,0.6808098212362697,0.9475806451612904,0.8500000000000002,0.9524532887741152,0.7678385996143006,0.8638184245660881,0.6910547396528705,1.756404,2025-10-03 04:39:15,
475,moderate,tfidf_basic,smote,Logistic Regression (C=0.1),0.8863436123348017,0.6223119636547199,0.5003246753246753,0.8229639519359145,0.6223119636547199,0.9331068395172105,0.7500000000000002,0.9426401336776545,0.7233294255568582,0.8015589477102956,0.6590120160213618,1.0724,2025-10-03 04:39:16,
476,moderate,tfidf_basic,smote,Logistic Regression (C=10),0.9130791432477594,0.6894605448822316,0.5808339429407462,0.848064085447263,0.6894605448822316,0.949467474433474,0.8500000000000002,0.9507823180920553,0.77506248264371,0.8073474110500434,0.7452603471295061,2.115008,2025-10-03 04:39:18,
477,moderate,tfidf_basic,smote,Random Forest (100 trees),0.9294850372170743,0.6404337722695584,0.7627306273062731,0.5519359145527369,0.6404337722695584,0.9609094736842105,0.40000000000000013,0.92474555673705,0.670567894666844,0.6679915209326974,0.6731642189586114,317.669742,2025-10-03 04:44:36,
478,moderate,tfidf_basic,smote,Random Forest (200 trees),0.8276773507519368,0.46970830216903514,0.36138685081283267,0.6707610146862484,0.46970830216903514,0.897123372147858,0.6000000000000002,0.8977973568281938,0.5071784353940815,0.5618305744888024,0.4622162883845127,52.612649,2025-10-03 04:45:28,
479,moderate,tfidf_basic,smote,Naive Bayes,0.8955795230138235,0.6474510206174993,0.5256495669553631,0.8427236315086782,0.6474510206174993,0.9387136463329826,0.7500000000000002,0.9448275862068966,0.7359697586507705,0.8078518991382062,0.6758344459279039,0.191243,2025-10-03 04:45:29,
480,moderate,tfidf_basic,smote,Naive Bayes (alpha=0.1),0.8960048610056205,0.6472225085025249,0.5270224907687143,0.8384512683578104,0.6472225085025249,0.939013309102571,0.7500000000000002,0.9444326295002279,0.7348122372045817,0.8039340101522843,0.6766355140186916,0.182503,2025-10-03 04:45:29,
481,moderate,tfidf_basic,smote,XGBoost,0.923742974327814,0.6899703557312253,0.6419213973799127,0.7457943925233644,0.6899703557312253,0.9565247514462881,0.6500000000000001,0.9442199605043293,0.7276772471076832,0.8184851518184851,0.6550066755674232,45.8455,2025-10-03 04:46:15,
482,moderate,tfidf_basic,smote,XGBoost (Tuned),0.9140209630867385,0.6596102958864566,0.6001313197636244,0.7321762349799733,0.6596102958864566,0.9507963001599555,0.5500000000000002,0.9353182439617196,0.7094308721168282,0.725572305974316,0.6939919893190921,94.562362,2025-10-03 04:47:49,
483,moderate,tfidf_basic,smote,LightGBM,0.9270241531216771,0.7017630990812019,0.65583662102576,0.7546061415220294,0.7017630990812019,0.9584256438659651,0.6500000000000001,0.9447972049217682,0.7354782355510263,0.8085787451984635,0.6744993324432577,27.839968,2025-10-03 04:48:17,
484,moderate,tfidf_basic,smote,LightGBM (Tuned),0.9064256418046484,0.6430227167362077,0.5680933852140078,0.740720961281709,0.6430227167362077,0.9461557288206706,0.6000000000000002,0.9359866322345435,0.706750173973556,0.7380813953488372,0.6779706275033378,26.758614,2025-10-03 04:48:44,
485,moderate,tfidf_bigram,none,Logistic Regression (Balanced),0.915145070636488,0.6982823809009399,0.5863570391872278,0.8630173564753004,0.6982823809009399,0.9506301592632528,0.7500000000000002,0.9468631323104967,0.7607714402954452,0.7798653954010095,0.7425901201602136,1.222269,2025-10-03 04:49:07,
486,moderate,tfidf_bigram,none,Logistic Regression (C=0.1),0.9074282242138842,0.6778729252563696,0.5610780539026952,0.8560747663551402,0.6778729252563696,0.9459473842933424,0.7000000000000002,0.9434604283761203,0.7351643660167924,0.7870201096892139,0.6897196261682244,0.484389,2025-10-03 04:49:07,
487,moderate,tfidf_bigram,none,Logistic Regression (C=10),0.9132310496734012,0.6927049709489993,0.5801045233375383,0.8595460614152203,0.6927049709489993,0.9494835149285411,0.8500000000000002,0.9498101169679477,0.7658730158730159,0.8160676532769556,0.7214953271028037,1.256024,2025-10-03 04:49:08,
488,moderate,tfidf_bigram,none,Random Forest (100 trees),0.9342548989822269,0.6285616203226914,0.8798654493032196,0.48891855807743656,0.6285616203226914,0.9639357376174922,0.30000000000000004,0.9367157830776242,0.7141484836009332,0.7346132128740824,0.6947930574098798,139.097422,2025-10-03 04:51:27,
489,moderate,tfidf_bigram,none,Random Forest (200 trees),0.8020051648184718,0.46925645410864075,0.3375908132177174,0.7692923898531375,0.46925645410864075,0.8783029261825176,0.6000000000000002,0.9112866474251861,0.5753344968004653,0.6317470456723092,0.5281708945260347,32.431334,2025-10-03 04:52:00,
490,moderate,tfidf_bigram,none,Naive Bayes,0.9401184870120006,0.6681259471291463,0.9042844120328167,0.5297730307076102,0.6681259471291463,0.9670902138885642,0.30000000000000004,0.9384778976150692,0.713456912409792,0.758880192655027,0.6731642189586114,0.17747,2025-10-03 04:52:00,
491,moderate,tfidf_bigram,none,Naive Bayes (alpha=0.1),0.9404222998632842,0.673221129811698,0.8953900709219859,0.5393858477970628,0.673221129811698,0.9672232529375386,0.3500000000000001,0.9405742062889261,0.7104795737122558,0.7970773829292593,0.6408544726301736,0.243819,2025-10-03 04:52:00,
492,moderate,tfidf_bigram,none,XGBoost,0.9503265988151299,0.7387761623262502,0.9196499602227526,0.6173564753004005,0.7387761623262502,0.9725537593795639,0.25000000000000006,0.9486252468479417,0.7648449450702267,0.7980266976204294,0.7343124165554072,39.747267,2025-10-03 04:52:40,
493,moderate,tfidf_bigram,none,XGBoost (Tuned),0.9483518152817865,0.7200263504611331,0.9394069617533305,0.5837116154873164,0.7200263504611331,0.9715519261019445,0.25000000000000006,0.9493240164058939,0.7623931623931623,0.8170992366412214,0.7145527369826435,83.226588,2025-10-03 04:54:03,
494,moderate,tfidf_bigram,none,LightGBM,0.9510557496582105,0.7450545972463998,0.9145299145299145,0.6285714285714286,0.7450545972463998,0.9729293744013712,0.30000000000000004,0.9509038432325687,0.769010863350486,0.8274377114733928,0.7182910547396528,25.503241,2025-10-03 04:54:29,
495,moderate,tfidf_bigram,none,LightGBM (Tuned),0.9485341029925566,0.7224770642201835,0.9347181008902077,0.5887850467289719,0.7224770642201835,0.9716371429528179,0.25000000000000006,0.9495063041166641,0.764322178105502,0.8149380102812217,0.719626168224299,25.187546,2025-10-03 04:54:54,
496,moderate,tfidf_bigram,random_oversample,Logistic Regression (Balanced),0.9159349840498253,0.6994677962419897,0.5895276455510802,0.8598130841121495,0.6994677962419897,0.9511329318474825,0.8500000000000002,0.950934224517697,0.7609886044102412,0.853585657370518,0.6865153538050734,1.987544,2025-10-03 04:54:56,
497,moderate,tfidf_bigram,random_oversample,Logistic Regression (C=0.1),0.911104359714416,0.6867237687366167,0.5731903485254691,0.8563417890520695,0.6867237687366167,0.9482032218091697,0.7000000000000002,0.9437642412274039,0.7444429103962447,0.7707261292166953,0.7198931909212283,0.813648,2025-10-03 04:54:57,
498,moderate,tfidf_bigram,random_oversample,Logistic Regression (C=10),0.9123499924046787,0.6889487870619946,0.5777576853526221,0.8531375166889186,0.6889487870619946,0.948987711077712,0.8500000000000002,0.9483821965669148,0.76194479473168,0.8015919811320755,0.7260347129506008,3.334381,2025-10-03 04:55:00,
499,moderate,tfidf_bigram,random_oversample,Random Forest (100 trees),0.9387513291812244,0.681214421252372,0.8352074447460256,0.5751668891855808,0.681214421252372,0.966121063422176,0.40000000000000013,0.9391159046027647,0.7156640181611805,0.763548289433848,0.6734312416555407,337.142756,2025-10-03 05:00:37,
500,moderate,tfidf_bigram,random_oversample,Random Forest (200 trees),0.7980555977517849,0.4720832340560718,0.3359710603662672,0.7935914552736982,0.4720832340560718,0.8751479178797498,0.6000000000000002,0.920795989670363,0.6073203795752372,0.6966136834830684,0.5383177570093458,60.191616,2025-10-03 05:01:38,
501,moderate,tfidf_bigram,random_oversample,Naive Bayes,0.863132310496734,0.5876430205949656,0.44707520891364905,0.8571428571428571,0.5876430205949656,0.9179491849558328,0.8000000000000002,0.9399361993012304,0.7097342534135956,0.7883235485975212,0.6453938584779706,0.200777,2025-10-03 05:01:38,
502,moderate,tfidf_bigram,random_oversample,Naive Bayes (alpha=0.1),0.8639829864803281,0.5887756039312942,0.44875385046205546,0.855807743658211,0.5887756039312942,0.9185155524816628,0.8000000000000002,0.9397842928755886,0.7093841642228739,0.7866666666666666,0.6459279038718291,0.200874,2025-10-03 05:01:38,
503,moderate,tfidf_bigram,random_oversample,XGBoost,0.9181528178641957,0.6926762491444216,0.6046604262099183,0.8106809078771695,0.6926762491444216,0.9527898499929903,0.7000000000000002,0.9484125778520431,0.7534127214638396,0.8258516396052212,0.6926568758344459,45.105109,2025-10-03 05:02:23,
504,moderate,tfidf_bigram,random_oversample,XGBoost (Tuned),0.9169071851739329,0.6873928448965596,0.6009192645883293,0.8029372496662216,0.6873928448965596,0.9520856326973949,0.6500000000000001,0.945708643475619,0.7464169149992905,0.7964869775893398,0.7022696929238985,89.78894,2025-10-03 05:03:53,
505,moderate,tfidf_bigram,random_oversample,LightGBM,0.9153577396323864,0.6904444444444444,0.5912464319695528,0.8296395193591455,0.6904444444444444,0.9509765968678515,0.7000000000000002,0.9479264772899894,0.7594723547572271,0.8003549245785271,0.7225634178905207,36.946612,2025-10-03 05:04:30,
506,moderate,tfidf_bigram,random_oversample,LightGBM (Tuned),0.9163603220416223,0.6859098687963491,0.598804780876494,0.8026702269692924,0.6859098687963491,0.9517567685972137,0.7000000000000002,0.9483518152817865,0.7470990776554597,0.8434665770910312,0.6704939919893191,36.524571,2025-10-03 05:05:06,
507,moderate,tfidf_bigram,random_undersample,Logistic Regression (Balanced),0.9049369588333587,0.6745709828393136,0.5524701873935264,0.865954606141522,0.6745709828393136,0.9443386996353287,0.7500000000000002,0.9444326295002279,0.7392729864575909,0.7929663608562691,0.6923898531375167,0.230433,2025-10-03 05:05:07,
508,moderate,tfidf_bigram,random_undersample,Logistic Regression (C=0.1),0.8896855536989214,0.6318564331339349,0.5093167701863354,0.8320427236315087,0.6318564331339349,0.9351224828917041,0.6500000000000001,0.9341333738417135,0.6912560524067217,0.7406164174549893,0.648064085447263,0.182392,2025-10-03 05:05:07,
509,moderate,tfidf_bigram,random_undersample,Logistic Regression (C=10),0.8924198693604739,0.6471350274040857,0.5162162162162162,0.867022696929239,0.6471350274040857,0.9365355318576933,0.8500000000000002,0.9445541546407413,0.7469846111188132,0.7768166089965398,0.7193591455273698,0.431075,2025-10-03 05:05:07,
510,moderate,tfidf_bigram,random_undersample,Random Forest (100 trees),0.8757405438250038,0.6019852082522382,0.4735875057418466,0.8259012016021362,0.6019852082522382,0.9263779385822803,0.6500000000000001,0.9220112410754975,0.6556673373574782,0.6587601078167116,0.6526034712950601,12.978775,2025-10-03 05:05:20,
511,moderate,tfidf_bigram,random_undersample,Random Forest (200 trees),0.7831080054686314,0.46846846846846846,0.32479867850505884,0.8400534045393858,0.46846846846846846,0.8637569419263726,0.6000000000000002,0.9217985720795989,0.6288927335640139,0.6834848010028204,0.5823765020026702,4.692997,2025-10-03 05:05:25,
512,moderate,tfidf_bigram,random_undersample,Naive Bayes,0.8572687224669604,0.5800107276953335,0.43596290821126193,0.8662216288384512,0.5800107276953335,0.9140253275748481,0.8000000000000002,0.939055142032508,0.7035175879396985,0.7878186031115525,0.6355140186915887,0.146506,2025-10-03 05:05:25,
513,moderate,tfidf_bigram,random_undersample,Naive Bayes (alpha=0.1),0.8611575269633905,0.5849981837994914,0.44323654878216595,0.8600801068090788,0.5849981837994914,0.9166332226640884,0.8000000000000002,0.9387513291812244,0.7072320650595411,0.7752308182107609,0.650200267022697,0.14476,2025-10-03 05:05:25,
514,moderate,tfidf_bigram,random_undersample,XGBoost,0.9044508582713049,0.6665252889407274,0.5527611677805135,0.8392523364485981,0.6665252889407274,0.9442365999397152,0.7000000000000002,0.9437338599422755,0.7471327143637356,0.7644593461860855,0.7305740987983979,17.123247,2025-10-03 05:05:42,
515,moderate,tfidf_bigram,random_undersample,XGBoost (Tuned),0.9067902172261887,0.6669561441597915,0.5619169562831534,0.8202937249666221,0.6669561441597915,0.9458122858454908,0.7000000000000002,0.9442807230745861,0.7378502001143511,0.7939095662872963,0.6891855807743659,34.2457,2025-10-03 05:06:17,
516,moderate,tfidf_bigram,random_undersample,LightGBM,0.9089472884703023,0.6776379477250726,0.5673631123919308,0.8411214953271028,0.6776379477250726,0.9469867157235596,0.7500000000000002,0.9465897007443415,0.7507090187180941,0.8004233444209253,0.7068090787716956,6.645615,2025-10-03 05:06:23,
517,moderate,tfidf_bigram,random_undersample,LightGBM (Tuned),0.9072459365031141,0.6693382432578794,0.5630466472303207,0.8251001335113485,0.6693382432578794,0.9460572115129777,0.7000000000000002,0.9452529241986936,0.7427184466019418,0.7980975759435409,0.6945260347129506,6.436518,2025-10-03 05:06:30,
518,moderate,tfidf_bigram,smote,Logistic Regression (Balanced),0.9006531976302597,0.6549176867876741,0.5414412842435875,0.8285714285714286,0.6549176867876741,0.9419739503850658,0.8500000000000002,0.9481391462858879,0.7446522064323111,0.8465986394557823,0.6646194926568758,1.456164,2025-10-03 05:06:38,
519,moderate,tfidf_bigram,smote,Logistic Regression (C=0.1),0.88266747683427,0.6113123993558777,0.49055079954773056,0.8109479305740988,0.6113123993558777,0.9309049271835975,0.7500000000000002,0.9378702719125019,0.6999266324284666,0.7768729641693811,0.636849132176235,0.846331,2025-10-03 05:06:39,
520,moderate,tfidf_bigram,smote,Logistic Regression (C=10),0.9038432325687377,0.6627597229621737,0.5514184397163121,0.8304405874499332,0.6627597229621737,0.9439277172468775,0.8500000000000002,0.9455263557648489,0.7499651373588063,0.7848803269118505,0.7180240320427236,3.419354,2025-10-03 05:06:43,
521,moderate,tfidf_bigram,smote,Random Forest (100 trees),0.9292419869360474,0.6336322164543023,0.7710566615620215,0.5377837116154873,0.6336322164543023,0.960839372488356,0.40000000000000013,0.9265684338447516,0.6709326072157931,0.6844444444444444,0.6579439252336449,385.70266,2025-10-03 05:13:08,
522,moderate,tfidf_bigram,smote,Random Forest (200 trees),0.8130639526051952,0.4529207788743665,0.33950946414289523,0.6801068090787717,0.4529207788743665,0.8872725940311086,0.6000000000000002,0.8824548078383716,0.48365140798078204,0.4834578441835646,0.483845126835781,75.066529,2025-10-03 05:14:23,
523,moderate,tfidf_bigram,smote,Naive Bayes,0.8828801458301686,0.6166848960922741,0.49128643852978454,0.8280373831775701,0.6166848960922741,0.9308805335915228,0.7500000000000002,0.9372018836396779,0.7068500921855057,0.7537810042347247,0.6654205607476635,0.207465,2025-10-03 05:14:24,
524,moderate,tfidf_bigram,smote,Naive Bayes (alpha=0.1),0.8838827282394045,0.61825809029165,0.4938567097494814,0.8264352469959947,0.61825809029165,0.9315274642588413,0.7500000000000002,0.9370499772140362,0.7065986972529028,0.7521857099788966,0.6662216288384513,0.18918,2025-10-03 05:14:24,
525,moderate,tfidf_bigram,smote,XGBoost,0.9213428528026736,0.6800148312940304,0.6329958582604694,0.7345794392523365,0.6800148312940304,0.9551602902717401,0.6000000000000002,0.9408780191402096,0.720723306544202,0.7790878063915606,0.6704939919893191,57.680754,2025-10-03 05:15:21,
526,moderate,tfidf_bigram,smote,XGBoost (Tuned),0.9124411362600638,0.6549329501915708,0.5936618189711309,0.7303070761014686,0.6549329501915708,0.9498590765162322,0.6000000000000002,0.93938933616892,0.7099025737967137,0.7793742017879949,0.6518024032042724,113.570605,2025-10-03 05:17:15,
527,moderate,tfidf_bigram,smote,LightGBM,0.9237733556129424,0.6877411325451152,0.644055944055944,0.7377837116154873,0.6877411325451152,0.9565879401332296,0.6500000000000001,0.9431262342397083,0.723404255319149,0.8097915977505789,0.653671562082777,44.084806,2025-10-03 05:17:59,
528,moderate,tfidf_bigram,smote,LightGBM (Tuned),0.9075497493543977,0.644799813236839,0.572791372874326,0.737516688918558,0.644799813236839,0.9468592284721373,0.6500000000000001,0.9396627677350752,0.7041120381406436,0.7964273677114931,0.6309746328437917,42.301101,2025-10-03 05:18:41,
529,moderate,tfidf_trigram,none,Logistic Regression (Balanced),0.9244721251708947,0.7232242262302383,0.6202024059576093,0.8672897196261682,0.7232242262302383,0.9562693498452013,0.7500000000000002,0.9507519368069269,0.7753914368851323,0.8058755760368663,0.7471295060080106,1.495691,2025-10-03 05:19:33,
530,moderate,tfidf_trigram,none,Logistic Regression (C=0.1),0.9103448275862069,0.6845537145911278,0.5707664884135473,0.8550066755674233,0.6845537145911278,0.9477467906153165,0.6500000000000001,0.9422755582561142,0.743797195253506,0.7512939253609371,0.7364485981308411,0.914596,2025-10-03 05:19:34,
531,moderate,tfidf_trigram,none,Logistic Regression (C=10),0.9221327662160109,0.7134071340713407,0.6136975759907657,0.8518024032042724,0.7134071340713407,0.954945769683759,0.8000000000000002,0.9498708795382045,0.7760586319218241,0.789125034501794,0.7634178905206943,4.426108,2025-10-03 05:19:38,
532,moderate,tfidf_trigram,none,Random Forest (100 trees),0.934346042837612,0.6239777275100052,0.8956043956043956,0.4787716955941255,0.6239777275100052,0.9640330875622056,0.30000000000000004,0.9388424730366095,0.7197549770290965,0.751890634089587,0.6902536715620827,153.235013,2025-10-03 05:22:11,
533,moderate,tfidf_trigram,none,Random Forest (200 trees),0.778368524988607,0.44435981415187753,0.31084825234441604,0.7789052069425901,0.44435981415187753,0.8615775791730708,0.6000000000000002,0.909433389032356,0.5629673068465034,0.6241872561768531,0.5126835781041389,27.26621,2025-10-03 05:22:39,
534,moderate,tfidf_trigram,none,Naive Bayes,0.9424882272520128,0.6929440389294403,0.8826446280991735,0.5703604806408544,0.6929440389294403,0.968272856783709,0.3500000000000001,0.9413945009873917,0.7232821689857983,0.7814631122132673,0.6731642189586114,0.184683,2025-10-03 05:22:39,
535,moderate,tfidf_trigram,none,Naive Bayes (alpha=0.1),0.9426097523925262,0.7017211432180641,0.8585780525502318,0.593324432576769,0.7017211432180641,0.9682505000252114,0.3500000000000001,0.9383563724745557,0.7189361407397147,0.7469775474956822,0.6929238985313751,0.175374,2025-10-03 05:22:39,
536,moderate,tfidf_trigram,none,XGBoost,0.9519671882120614,0.7494056110318592,0.921996879875195,0.631241655540721,0.7494056110318592,0.973437946271064,0.30000000000000004,0.952939389336169,0.7777937168268542,0.8403595784252945,0.7238985313751669,68.413861,2025-10-03 05:23:47,
537,moderate,tfidf_trigram,none,XGBoost (Tuned),0.9495366854017925,0.7278387678191054,0.9418999151823579,0.5930574098798398,0.7278387678191054,0.9721901317662028,0.25000000000000006,0.9520583320674465,0.7754695503699488,0.8300335059396893,0.7276368491321762,138.604269,2025-10-03 05:26:06,
538,moderate,tfidf_trigram,none,LightGBM,0.9527874829105271,0.7550441361916772,0.9215082724124664,0.6395193591455274,0.7550441361916772,0.9738762061661568,0.30000000000000004,0.9536381588941212,0.7817505720823799,0.8417000307976594,0.7297730307076101,37.281768,2025-10-03 05:26:43,
539,moderate,tfidf_trigram,none,LightGBM (Tuned),0.9499012608233328,0.7292726974224265,0.9467178175618073,0.5930574098798398,0.7292726974224265,0.9723965918411758,0.25000000000000006,0.9524229074889868,0.7766048502139801,0.8336906584992343,0.7268357810413886,36.504725,2025-10-03 05:27:20,
540,moderate,tfidf_trigram,random_oversample,Logistic Regression (Balanced),0.9256569952909008,0.7246539889726566,0.6262154803578374,0.8598130841121495,0.7246539889726566,0.9570272026412378,0.7500000000000002,0.950934224517697,0.7789185489390829,0.7991573033707865,0.7596795727636849,2.789135,2025-10-03 05:27:23,
541,moderate,tfidf_trigram,random_oversample,Logistic Regression (C=0.1),0.9182743430047091,0.7056248632085795,0.597811978490636,0.8608811748998665,0.7056248632085795,0.9525506244267269,0.7000000000000002,0.9479872398602461,0.7573696145124716,0.8070069465418303,0.7134846461949266,0.926957,2025-10-03 05:27:24,
542,moderate,tfidf_trigram,random_oversample,Logistic Regression (C=10),0.923408780191402,0.7163910451119361,0.6189735614307932,0.8502002670226969,0.7163910451119361,0.9557261024569291,0.8500000000000002,0.9510557496582105,0.7750314201927105,0.8123536299765808,0.7409879839786382,3.592879,2025-10-03 05:27:27,
543,moderate,tfidf_trigram,random_oversample,Random Forest (100 trees),0.9378095093422452,0.6719025484853342,0.8404170008019246,0.559679572763685,0.6719025484853342,0.9656491752110218,0.3500000000000001,0.9373841713504482,0.725236635115318,0.724174653887114,0.7263017356475301,356.211739,2025-10-03 05:33:23,
544,moderate,tfidf_trigram,random_oversample,Random Forest (200 trees),0.7756949718973113,0.448906471598119,0.3115416493990883,0.8029372496662216,0.448906471598119,0.8591917303987947,0.6000000000000002,0.9226188667780647,0.6039496190328099,0.7230081906180194,0.5185580774365821,48.315627,2025-10-03 05:34:12,
545,moderate,tfidf_trigram,random_oversample,Naive Bayes,0.8574510101777305,0.5833777304208844,0.43700944525741653,0.87716955941255,0.5833777304208844,0.9140155402433661,0.8000000000000002,0.9379614157678869,0.7188876651982379,0.7419721511793123,0.697196261682243,0.207109,2025-10-03 05:34:12,
546,moderate,tfidf_trigram,random_oversample,Naive Bayes (alpha=0.1),0.8594561749962023,0.5862994097656948,0.44076912733629153,0.8753004005340453,0.5862994097656948,0.9153491436100132,0.8000000000000002,0.9376576029166034,0.7182092831639659,0.7393271133729149,0.69826435246996,0.210578,2025-10-03 05:34:12,
547,moderate,tfidf_trigram,random_oversample,XGBoost,0.9221023849308826,0.7028968713789108,0.6208802456499488,0.8098798397863819,0.7028968713789108,0.9551748251748252,0.7000000000000002,0.9499012608233328,0.7604242336190614,0.8339706819630338,0.6987983978638185,75.694737,2025-10-03 05:35:28,
548,moderate,tfidf_trigram,random_oversample,XGBoost (Tuned),0.9186692997113778,0.6932508307551277,0.607185869128864,0.807743658210948,0.6932508307551277,0.9531198010612402,0.6500000000000001,0.9474707580130639,0.7538790035587188,0.8073170731707318,0.7070761014686249,151.346936,2025-10-03 05:37:59,
549,moderate,tfidf_trigram,random_oversample,LightGBM,0.9212213276621601,0.7062422113968506,0.6133412042502951,0.8323097463284379,0.7062422113968506,0.9545111660789783,0.7000000000000002,0.9510557496582105,0.7727465086754126,0.819078947368421,0.7313751668891856,54.51112,2025-10-03 05:38:54,
550,moderate,tfidf_trigram,random_oversample,LightGBM (Tuned),0.9197326446908705,0.6964613970588235,0.6112119378907037,0.8093457943925234,0.6964613970588235,0.9537513566502118,0.6500000000000001,0.9479568585751177,0.7567106945036216,0.808252427184466,0.7113484646194926,51.42105,2025-10-03 05:39:45,
551,moderate,tfidf_trigram,random_undersample,Logistic Regression (Balanced),0.9111347409995443,0.689721014108412,0.5721576909538895,0.8680907877169559,0.689721014108412,0.9481410563267911,0.7000000000000002,0.9457997873310041,0.7553483269336259,0.7764307865802086,0.7353805073431242,0.438882,2025-10-03 05:39:46,
552,moderate,tfidf_trigram,random_undersample,Logistic Regression (C=0.1),0.8896855536989214,0.6323782525058216,0.5092954990215264,0.8339118825100134,0.6323782525058216,0.9351062498882992,0.6000000000000002,0.9278140665350144,0.6908665105386417,0.6736868815021568,0.7089452603471295,0.282583,2025-10-03 05:39:46,
553,moderate,tfidf_trigram,random_undersample,Logistic Regression (C=10),0.9070636487923439,0.6824457593688363,0.5582540760869565,0.8777036048064085,0.6824457593688363,0.9455664893143763,0.8500000000000002,0.950174692389488,0.7675736961451247,0.8178797946239806,0.7230974632843792,0.413347,2025-10-03 05:39:46,
554,moderate,tfidf_trigram,random_undersample,Random Forest (100 trees),0.8771380829409084,0.6046147829487681,0.4769396884158569,0.825634178905207,0.6046147829487681,0.9272688032804576,0.6000000000000002,0.9129879993923743,0.6513270026783541,0.5985679122846275,0.7142857142857143,14.561631,2025-10-03 05:40:01,
555,moderate,tfidf_trigram,random_undersample,Random Forest (200 trees),0.7667324927844448,0.45,0.307488986784141,0.8387182910547396,0.45,0.8519760940813572,0.6000000000000002,0.9157830776241835,0.60149511213341,0.6515104328869511,0.558611481975968,4.579607,2025-10-03 05:40:05,
556,moderate,tfidf_trigram,random_undersample,Naive Bayes,0.8470909919489594,0.569571538527324,0.4189733266230498,0.8891855807743658,0.569571538527324,0.9070321591517816,0.8000000000000002,0.9382044660489138,0.7159217877094972,0.7505124450951683,0.6843791722296395,0.147107,2025-10-03 05:40:06,
557,moderate,tfidf_trigram,random_undersample,Naive Bayes (alpha=0.1),0.8537748746771988,0.5777699798227914,0.43023255813953487,0.879305740987984,0.5777699798227914,0.9115761238999834,0.8000000000000002,0.9360473948048003,0.7136444021221603,0.7273987798114254,0.7004005340453938,0.146646,2025-10-03 05:40:06,
558,moderate,tfidf_trigram,random_undersample,XGBoost,0.9094941516026128,0.6785367432826157,0.569358927924665,0.8395193591455273,0.6785367432826157,0.9473330622491735,0.7000000000000002,0.9451921616284369,0.7516519823788547,0.7757885763000852,0.7289719626168224,21.735613,2025-10-03 05:40:27,
559,moderate,tfidf_trigram,random_undersample,XGBoost (Tuned),0.9114689351359563,0.6800614844093105,0.577475293678911,0.8269692923898532,0.6800614844093105,0.9486266351680124,0.7000000000000002,0.9466504633145982,0.7471926288511374,0.8106841611996252,0.6929238985313751,43.824163,2025-10-03 05:41:11,
560,moderate,tfidf_trigram,random_undersample,LightGBM,0.9145678262190491,0.6929460580912863,0.5861814151117679,0.8472630173564752,0.6929460580912863,0.9503811405985318,0.7500000000000002,0.9502354549597448,0.7659331237496427,0.823854903166308,0.7156208277703605,8.912353,2025-10-03 05:41:20,
561,moderate,tfidf_trigram,random_undersample,LightGBM (Tuned),0.9125930426857056,0.6819940311705538,0.5818559034326669,0.8237650200267023,0.6819940311705538,0.9493334272581583,0.7000000000000002,0.9472884703022938,0.7492412198294551,0.8166351606805293,0.6921228304405874,8.394646,2025-10-03 05:41:29,
562,moderate,tfidf_trigram,smote,Logistic Regression (Balanced),0.9061825915236215,0.6688116688116688,0.5588815199856605,0.8325767690253671,0.6688116688116688,0.9453509361837681,0.8500000000000002,0.9506304116664135,0.7564083345825213,0.8622693096377307,0.6736982643524699,3.157759,2025-10-03 05:41:39,
563,moderate,tfidf_trigram,smote,Logistic Regression (C=0.1),0.881907944706061,0.6100912829772294,0.48859254498714655,0.8120160213618157,0.6100912829772294,0.9304165696997906,0.7500000000000002,0.9390855233176363,0.7036215816703622,0.7880794701986755,0.6355140186915887,1.270615,2025-10-03 05:41:40,
564,moderate,tfidf_trigram,smote,Logistic Regression (C=10),0.9107701655780039,0.6801002069491341,0.5743193524650478,0.8336448598130841,0.6801002069491341,0.9481544246147329,0.8500000000000002,0.9466504633145982,0.756921373200443,0.7858580051739006,0.7300400534045394,4.817739,2025-10-03 05:41:45,
565,moderate,tfidf_trigram,smote,Random Forest (100 trees),0.9306091447668237,0.636652879414572,0.7874852420306966,0.5343124165554072,0.636652879414572,0.9616418110976757,0.40000000000000013,0.9296065623575878,0.6790414184790137,0.7055267702936097,0.6544726301735647,407.165728,2025-10-03 05:48:32,
566,moderate,tfidf_trigram,smote,Random Forest (200 trees),0.8010937262646209,0.44181089606957114,0.3245240480961924,0.6918558077436582,0.44181089606957114,0.8789856010055267,0.6000000000000002,0.881482606714264,0.4754605351620277,0.4788732394366197,0.4720961281708945,53.074032,2025-10-03 05:49:25,
567,moderate,tfidf_trigram,smote,Naive Bayes,0.8751329181224365,0.6081982840800763,0.4729429206819867,0.8518024032042724,0.6081982840800763,0.9257318395374051,0.8000000000000002,0.9399361993012304,0.7165591397849462,0.7736842105263158,0.6672897196261682,0.207429,2025-10-03 05:49:25,
568,moderate,tfidf_trigram,smote,Naive Bayes (alpha=0.1),0.876682363663983,0.6097490625901356,0.47641225961538464,0.8467289719626169,0.6097490625901356,0.9267711847588808,0.8000000000000002,0.9391462858878931,0.7143060904293254,0.7666870789957134,0.6686248331108144,0.200215,2025-10-03 05:49:26,
569,moderate,tfidf_trigram,smote,XGBoost,0.9253531824396172,0.6922209695603156,0.6519584709768759,0.7377837116154873,0.6922209695603156,0.9575258872543088,0.6000000000000002,0.9444326295002279,0.7339636363636364,0.8060702875399361,0.6736982643524699,94.052379,2025-10-03 05:51:00,
570,moderate,tfidf_trigram,smote,XGBoost (Tuned),0.9135652438098132,0.6570223025919228,0.5989010989010989,0.7276368491321762,0.6570223025919228,0.9505518380116451,0.6000000000000002,0.9411514507063649,0.7166886061137926,0.7923673997412678,0.6542056074766355,190.581062,2025-10-03 05:54:10,
571,moderate,tfidf_trigram,smote,LightGBM,0.9276317788242443,0.7010542168674698,0.6613781671797301,0.7457943925233644,0.7010542168674698,0.9588330856175037,0.6500000000000001,0.9463162691781862,0.7390341160832964,0.8268341044282882,0.668090787716956,63.296337,2025-10-03 05:55:14,
572,moderate,tfidf_trigram,smote,LightGBM (Tuned),0.9087953820446605,0.6486423220973783,0.5774119608251719,0.7399198931909212,0.6486423220973783,0.9475962713402926,0.6500000000000001,0.9403919185781558,0.7076877234803337,0.8004718570947085,0.6341789052069426,59.485239,2025-10-03 05:56:13,
573,moderate,count_basic,none,Logistic Regression (Balanced),0.9227403919185782,0.7170357182597085,0.6146508966043495,0.860347129506008,0.7170357182597085,0.9552627412346287,0.8500000000000002,0.9514203250797508,0.7729660655970467,0.8253486961795027,0.7268357810413886,8.24756,2025-10-03 05:56:29,
574,moderate,count_basic,none,Logistic Regression (C=0.1),0.9263861461339815,0.7271089086608853,0.6287495130502532,0.8619492656875835,0.7271089086608853,0.9574546540008078,0.7000000000000002,0.9491721099802521,0.7740715732613099,0.7830601092896174,0.7652870493991989,4.79181,2025-10-03 05:56:33,
575,moderate,count_basic,none,Logistic Regression (C=10),0.9180920552939389,0.7037362637362637,0.5979458450046685,0.8550066755674233,0.7037362637362637,0.9524766437511017,0.8500000000000002,0.9479872398602461,0.7652865368796271,0.7864187094956325,0.7452603471295061,13.621452,2025-10-03 05:56:47,
576,moderate,count_basic,none,Random Forest (100 trees),0.935105574965821,0.6331157677773961,0.8873375060182956,0.49212283044058747,0.6331157677773961,0.9644047460338622,0.25000000000000006,0.9364119702263406,0.7274384685505926,0.7099644128113879,0.7457943925233644,127.050092,2025-10-03 05:58:54,
577,moderate,count_basic,none,Random Forest (200 trees),0.7950478505240771,0.4638372277857256,0.33020255742899174,0.7791722296395194,0.4638372277857256,0.8733097956730769,0.6000000000000002,0.926173477138083,0.6137952956134775,0.7581468394189242,0.5156208277703604,22.198957,2025-10-03 05:59:16,
578,moderate,count_basic,none,Naive Bayes,0.9303964757709251,0.708412880234186,0.6767996108949417,0.7431241655540721,0.708412880234186,0.9604816035050799,0.7500000000000002,0.9396323864499468,0.7223697079782032,0.7576201641266119,0.6902536715620827,0.17819,2025-10-03 05:59:16,
579,moderate,count_basic,none,Naive Bayes (alpha=0.1),0.9301838067750265,0.7071865443425076,0.6763343894711187,0.7409879839786382,0.7071865443425076,0.9603670104515194,0.7000000000000002,0.9382652286191706,0.7208791208791209,0.7422913719943423,0.7006675567423231,0.173832,2025-10-03 05:59:17,
580,moderate,count_basic,none,XGBoost,0.9520887133525748,0.7483644486995372,0.9298176050753371,0.6261682242990654,0.7483644486995372,0.9735238319090711,0.25000000000000006,0.9537293027495063,0.7846132088813463,0.8340348767288034,0.740720961281709,2.654031,2025-10-03 05:59:19,
581,moderate,count_basic,none,XGBoost (Tuned),0.9492936351207656,0.7258991624240434,0.9428327645051194,0.5901201602136181,0.7258991624240434,0.9720627374834703,0.25000000000000006,0.9536381588941212,0.7783909381353471,0.8532314549506527,0.7156208277703605,4.782035,2025-10-03 05:59:24,
582,moderate,count_basic,none,LightGBM,,,,,,,,,,,,,2025-10-03 05:59:24,"Expected np.float32 or np.float64, met type(int64)"
583,moderate,count_basic,none,LightGBM (Tuned),,,,,,,,,,,,,2025-10-03 05:59:24,"Expected np.float32 or np.float64, met type(int64)"
584,moderate,count_basic,random_oversample,Logistic Regression (Balanced),0.9210998025216467,0.7122437673130194,0.6087121212121213,0.8582109479305741,0.7122437673130194,0.9542821934688848,0.8500000000000002,0.9504481239556434,0.7709591349529561,0.8130924170616114,0.732977303070761,14.844777,2025-10-03 05:59:39,
585,moderate,count_basic,random_oversample,Logistic Regression (C=0.1),0.92659881512988,0.7274368231046932,0.629810509865208,0.8608811748998665,0.7274368231046932,0.9575887371414528,0.7500000000000002,0.9507215555217986,0.7757190265486725,0.804416403785489,0.7489986648865153,8.543714,2025-10-03 05:59:48,
586,moderate,count_basic,random_oversample,Logistic Regression (C=10),0.9181528178641957,0.703042328042328,0.5986483949690257,0.8515353805073431,0.703042328042328,0.9525353254166814,0.8500000000000002,0.9480783837156311,0.7654083733699383,0.7875706214689265,0.7444592790387183,20.248817,2025-10-03 06:00:08,
587,moderate,count_basic,random_oversample,Random Forest (100 trees),0.9381437034786572,0.672879177377892,0.844695441710367,0.5591455273698265,0.672879177377892,0.9658423648625978,0.3500000000000001,0.9386905666109676,0.7272972972972973,0.7362517099863201,0.7185580774365821,299.017656,2025-10-03 06:05:07,
588,moderate,count_basic,random_oversample,Random Forest (200 trees),0.7928907792799635,0.4680452594615685,0.3306504961411246,0.8008010680907878,0.4680452594615685,0.8714137508252381,0.6000000000000002,0.9263557648488531,0.6182677165354331,0.7535508637236085,0.5241655540720961,42.827623,2025-10-03 06:05:50,
589,moderate,count_basic,random_oversample,Naive Bayes,0.8888348777153273,0.6275068716278123,0.5070746956235603,0.8229639519359145,0.6275068716278123,0.9346688806756298,0.8500000000000002,0.927358347258089,0.7027967681789932,0.6574418604651163,0.7548731642189586,0.191853,2025-10-03 06:05:50,
590,moderate,count_basic,random_oversample,Naive Bayes (alpha=0.1),0.8888348777153273,0.627355127813423,0.507079354626276,0.822429906542056,0.627355127813423,0.9346735462676974,0.8500000000000002,0.927358347258089,0.7027228646027601,0.657515123313169,0.7546061415220294,0.188818,2025-10-03 06:05:50,
591,moderate,count_basic,random_oversample,XGBoost,0.9239556433237126,0.7098643792743712,0.6272019664072102,0.8176234979973298,0.7098643792743712,0.9562435536597731,0.6500000000000001,0.9520887133525748,0.7768501485778972,0.8263094521372667,0.732977303070761,3.588836,2025-10-03 06:05:54,
592,moderate,count_basic,random_oversample,XGBoost (Tuned),0.9219504785052408,0.7021449275362319,0.6204918032786885,0.8085447263017357,0.7021449275362319,0.9550913381697405,0.6500000000000001,0.9509949870879538,0.7646973012399708,0.8427652733118971,0.6998664886515353,6.613285,2025-10-03 06:06:00,
593,moderate,count_basic,random_oversample,LightGBM,,,,,,,,,,,,,2025-10-03 06:06:00,"Expected np.float32 or np.float64, met type(int64)"
594,moderate,count_basic,random_oversample,LightGBM (Tuned),,,,,,,,,,,,,2025-10-03 06:06:00,"Expected np.float32 or np.float64, met type(int64)"
595,moderate,count_basic,random_undersample,Logistic Regression (Balanced),0.8996202339358955,0.6637492367189091,0.536260483473113,0.8707610146862483,0.6637492367189091,0.9410042139847153,0.8000000000000002,0.9409995442807231,0.7450774481491205,0.7327652982184353,0.7578104138851802,1.414459,2025-10-03 06:06:02,
596,moderate,count_basic,random_undersample,Logistic Regression (C=0.1),0.9098587270241532,0.686926242481798,0.5678646196789952,0.8691588785046729,0.686926242481798,0.947349741806115,0.6500000000000001,0.9397539115904603,0.7436328377504848,0.7208020050125313,0.7679572763684913,0.897831,2025-10-03 06:06:03,
597,moderate,count_basic,random_undersample,Logistic Regression (C=10),0.8741910982834574,0.612302218893362,0.47145328719723184,0.8731642189586115,0.612302218893362,0.9249125097463236,0.8500000000000002,0.9205225581042078,0.6927413671599718,0.6183686307401971,0.7874499332443258,2.791584,2025-10-03 06:06:05,
598,moderate,count_basic,random_undersample,Random Forest (100 trees),0.8865866626158286,0.6188871873404799,0.5009917355371901,0.8093457943925234,0.6188871873404799,0.9333809226376372,0.6500000000000001,0.9236214491873006,0.6558992608814673,0.6728447065431059,0.6397863818424566,10.923399,2025-10-03 06:06:16,
599,moderate,count_basic,random_undersample,Random Forest (200 trees),0.789305787634817,0.4727438607161864,0.3304634353741497,0.830173564753004,0.4727438607161864,0.8683486151451297,0.6000000000000002,0.927267203402704,0.6334966319657073,0.7423753139576605,0.5524699599465954,3.494122,2025-10-03 06:06:20,
600,moderate,count_basic,random_undersample,Naive Bayes,0.8857359866322345,0.6230329758444422,0.4987163029525032,0.8299065420560747,0.6230329758444422,0.932662524841996,0.8500000000000002,0.9247759380221784,0.6967915748224345,0.6435195657091156,0.7596795727636849,0.144751,2025-10-03 06:06:20,
601,moderate,count_basic,random_undersample,Naive Bayes (alpha=0.1),0.8859486556281331,0.6230923694779117,0.4992759452936444,0.8285714285714286,0.6230923694779117,0.9328083049937355,0.8500000000000002,0.9247151754519216,0.6971400635541433,0.6427766508902412,0.7615487316421896,0.142559,2025-10-03 06:06:20,
602,moderate,count_basic,random_undersample,XGBoost,0.9171502354549598,0.6972354835128234,0.596731280881794,0.8384512683578104,0.6972354835128234,0.9520088696478539,0.7000000000000002,0.949749354397691,0.7646556630620376,0.8184587267742918,0.7174899866488652,1.19883,2025-10-03 06:06:21,
603,moderate,count_basic,random_undersample,XGBoost (Tuned),0.9150235454959745,0.6870314423184514,0.5912942989214176,0.8197596795727636,0.6870314423184514,0.9508375371311057,0.6500000000000001,0.9485644842776849,0.7586600142551675,0.8137614678899082,0.7105473965287049,2.162964,2025-10-03 06:06:23,
604,moderate,count_basic,random_undersample,LightGBM,,,,,,,,,,,,,2025-10-03 06:06:23,"Expected np.float32 or np.float64, met type(int64)"
605,moderate,count_basic,random_undersample,LightGBM (Tuned),,,,,,,,,,,,,2025-10-03 06:06:23,"Expected np.float32 or np.float64, met type(int64)"
606,moderate,count_basic,smote,Logistic Regression (Balanced),0.8970074434148565,0.641497461928934,0.5310803712134478,0.8098798397863819,0.641497461928934,0.939865895625643,0.8500000000000002,0.9470454200212669,0.7488110678772157,0.8134001252348153,0.6937249666221629,8.213445,2025-10-03 06:06:39,
607,moderate,count_basic,smote,Logistic Regression (C=0.1),0.8879234391614765,0.620824339603248,0.5046791443850267,0.8064085447263017,0.620824339603248,0.9342435963708312,0.8000000000000002,0.9451313990581801,0.7337853773584906,0.8190194142810134,0.6646194926568758,5.13136,2025-10-03 06:06:44,
608,moderate,count_basic,smote,Logistic Regression (C=10),0.8977365942579371,0.6435077314128362,0.533263120940846,0.811214953271028,0.6435077314128362,0.9403064481804639,0.8500000000000002,0.9443111043597144,0.7458050201081681,0.7758222735141374,0.7180240320427236,12.348693,2025-10-03 06:06:56,
609,moderate,count_basic,smote,Random Forest (100 trees),0.895792192009722,0.5471349353049908,0.5411334552102377,0.5532710280373832,0.5471349353049908,0.941121944520736,0.45000000000000007,0.8887437338599423,0.5553666828557552,0.5092407036294812,0.6106809078771696,432.804014,2025-10-03 06:14:09,
610,moderate,count_basic,smote,Random Forest (200 trees),0.775421540331156,0.39120408499423487,0.2828391092056687,0.6341789052069426,0.39120408499423487,0.8623156012516764,0.6000000000000002,0.846969466808446,0.4128686327077748,0.3663632602399669,0.47289719626168225,51.20253,2025-10-03 06:15:00,
611,moderate,count_basic,smote,Naive Bayes,0.9254443262950023,0.6683783783783783,0.6766073871409028,0.660347129506008,0.6683783783783783,0.9580010268697586,0.8000000000000002,0.936533495366854,0.6861006761833208,0.7845360824742268,0.6096128170894526,0.214436,2025-10-03 06:15:01,
612,moderate,count_basic,smote,Naive Bayes (alpha=0.1),0.9253835637247455,0.66765899864682,0.6768175582990398,0.6587449933244326,0.66765899864682,0.9579739904175223,0.8000000000000002,0.9362904450858271,0.684519332029487,0.7839421088904204,0.6074766355140186,0.224688,2025-10-03 06:15:01,
613,moderate,count_basic,smote,XGBoost,0.9505088865259,0.7421244261516543,0.911353032659409,0.6259012016021361,0.7421244261516543,0.9726278292137852,0.45000000000000007,0.9492936351207656,0.7454628641146865,0.8691322901849218,0.6526034712950601,3.863835,2025-10-03 06:15:05,
614,moderate,count_basic,smote,XGBoost (Tuned),0.9437642412274039,0.7020762916465476,0.8837115072933549,0.5823765020026702,0.7020762916465476,0.9689518090477548,0.40000000000000013,0.9418198389791889,0.7162542598903541,0.8045938748335553,0.6453938584779706,6.993754,2025-10-03 06:15:12,
615,moderate,count_basic,smote,LightGBM,,,,,,,,,,,,,2025-10-03 06:15:12,"Expected np.float32 or np.float64, met type(int64)"
616,moderate,count_basic,smote,LightGBM (Tuned),,,,,,,,,,,,,2025-10-03 06:15:12,"Expected np.float32 or np.float64, met type(int64)"
617,moderate,count_bigram,none,Logistic Regression (Balanced),0.9048458149779736,0.6684310819394452,0.5537624978074022,0.8429906542056075,0.6684310819394452,0.9444523269012486,0.8000000000000002,0.9430350903843232,0.7418422139611731,0.7657760090960773,0.7193591455273698,8.359883,2025-10-03 06:15:42,
618,moderate,count_bigram,none,Logistic Regression (C=0.1),0.9124715175451922,0.6873575691806837,0.5789762340036563,0.8456608811748999,0.6873575691806837,0.9491124260355029,0.7000000000000002,0.9420628892602158,0.7435794002958183,0.7489165763813651,0.7383177570093458,4.450782,2025-10-03 06:15:47,
619,moderate,count_bigram,none,Logistic Regression (C=10),0.9014431110435971,0.6598154362416108,0.5432567777585909,0.8400534045393858,0.6598154362416108,0.9423739652538459,0.8500000000000002,0.9421844144007292,0.7363170292365249,0.7652649769585254,0.7094793057409879,15.423142,2025-10-03 06:16:02,
620,moderate,count_bigram,none,Random Forest (100 trees),0.9346498556888957,0.6412010008340283,0.8542222222222222,0.5132176234979974,0.6412010008340283,0.964051140636751,0.30000000000000004,0.9351967188212061,0.7121068970171414,0.7199781659388647,0.7044058744993325,150.970569,2025-10-03 06:18:33,
621,moderate,count_bigram,none,Random Forest (200 trees),0.7882424426553243,0.4567420109119252,0.32250963126031923,0.7823765020026703,0.4567420109119252,0.8684905660377359,0.6000000000000002,0.9122284672641653,0.581728681048212,0.6353573687539532,0.5364485981308411,28.848652,2025-10-03 06:19:02,
622,moderate,count_bigram,none,Naive Bayes,0.9214947592283154,0.6710794297352343,0.6412065190951107,0.703871829105474,0.6710794297352343,0.9554282954427847,0.8500000000000002,0.9327358347258089,0.6820792647903504,0.737806772289531,0.6341789052069426,0.222262,2025-10-03 06:19:02,
623,moderate,count_bigram,none,Naive Bayes (alpha=0.1),0.9213428528026736,0.6703170762765822,0.6407010710808179,0.702803738317757,0.6703170762765822,0.9553443606947583,0.8500000000000002,0.9326446908704238,0.6813281586890901,0.7378580323785803,0.6328437917222964,0.191488,2025-10-03 06:19:02,
624,moderate,count_bigram,none,XGBoost,0.9500531672489746,0.7375478927203065,0.9170305676855895,0.616822429906542,0.7375478927203065,0.9724003626229728,0.30000000000000004,0.9496278292571776,0.7576023391812865,0.837156704361874,0.6918558077436582,3.071706,2025-10-03 06:19:05,
625,moderate,count_bigram,none,XGBoost (Tuned),0.9479568585751177,0.718302910705476,0.934931506849315,0.5831775700934579,0.718302910705476,0.9713300641014913,0.25000000000000006,0.9499620233935896,0.7609232109159529,0.8336513994910941,0.6998664886515353,5.480547,2025-10-03 06:19:11,
626,moderate,count_bigram,none,LightGBM,,,,,,,,,,,,,2025-10-03 06:19:11,"Expected np.float32 or np.float64, met type(int64)"
627,moderate,count_bigram,none,LightGBM (Tuned),,,,,,,,,,,,,2025-10-03 06:19:11,"Expected np.float32 or np.float64, met type(int64)"
628,moderate,count_bigram,random_oversample,Logistic Regression (Balanced),0.9046939085523318,0.6672324175241328,0.5535022879267864,0.8397863818424566,0.6672324175241328,0.9443823910075705,0.8500000000000002,0.9437642412274039,0.7379300580489877,0.78541289933695,0.6958611481975968,16.08416,2025-10-03 06:19:27,
629,moderate,count_bigram,random_oversample,Logistic Regression (C=0.1),0.9115904602764697,0.6839704604691572,0.576423210690097,0.8408544726301735,0.6839704604691572,0.9486065486913214,0.7500000000000002,0.9445845359258697,0.7479270315091211,0.7751360641649957,0.7225634178905207,8.584856,2025-10-03 06:19:36,
630,moderate,count_bigram,random_oversample,Logistic Regression (C=10),0.9010481543369284,0.6583446973670408,0.5421561852107809,0.837917222963952,0.6583446973670408,0.9421461179103682,0.8500000000000002,0.9418198389791889,0.7349480968858132,0.7629310344827587,0.7089452603471295,24.162006,2025-10-03 06:20:00,
631,moderate,count_bigram,random_oversample,Random Forest (100 trees),0.935773963238645,0.6735639283508339,0.7986085682900037,0.5823765020026702,0.6735639283508339,0.9643831923711965,0.3500000000000001,0.9307002886222088,0.7054874112330536,0.683,0.7295060080106809,370.701865,2025-10-03 06:26:10,
632,moderate,count_bigram,random_oversample,Random Forest (200 trees),0.786875284824548,0.4624109127136179,0.32426913155631987,0.805607476635514,0.4624109127136179,0.8670923248896383,0.6000000000000002,0.9237733556129424,0.6146521271694056,0.7234273318872018,0.5343124165554072,57.312256,2025-10-03 06:27:08,
633,moderate,count_bigram,random_oversample,Naive Bayes,0.8884399210086587,0.6175,0.5062339880444064,0.7914552736982644,0.6175,0.9346967810777165,0.8500000000000002,0.9184566307154792,0.6657534246575343,0.623803967327888,0.7137516688918558,0.214377,2025-10-03 06:27:08,
634,moderate,count_bigram,random_oversample,Naive Bayes (alpha=0.1),0.8884399210086587,0.6174202958949782,0.5062361182299675,0.7911882510013352,0.6174202958949782,0.9346991037131882,0.8500000000000002,0.918517393285736,0.6660024906600249,0.6240373395565928,0.7140186915887851,0.217915,2025-10-03 06:27:08,
635,moderate,count_bigram,random_oversample,XGBoost,0.9199756949718974,0.6958429561200924,0.6130213631739573,0.804539385847797,0.6958429561200924,0.9539268847297534,0.7000000000000002,0.9492328725505089,0.7539390369606832,0.8404464871963231,0.6835781041388518,4.11509,2025-10-03 06:27:12,
636,moderate,count_bigram,random_oversample,XGBoost (Tuned),0.9165729910375209,0.6856684981684982,0.6000801442596674,0.7997329773030708,0.6856684981684982,0.9519038778155323,0.6500000000000001,0.9477745708643476,0.7519838407156254,0.8179535467671061,0.6958611481975968,7.376032,2025-10-03 06:27:20,
637,moderate,count_bigram,random_oversample,LightGBM,,,,,,,,,,,,,2025-10-03 06:27:20,"Expected np.float32 or np.float64, met type(int64)"
638,moderate,count_bigram,random_oversample,LightGBM (Tuned),,,,,,,,,,,,,2025-10-03 06:27:20,"Expected np.float32 or np.float64, met type(int64)"
639,moderate,count_bigram,random_undersample,Logistic Regression (Balanced),0.87896096004861,0.6166281755196305,0.4820219647961486,0.8555407209612818,0.6166281755196305,0.9281359356398139,0.8500000000000002,0.9339510861309434,0.7082662372517445,0.7118964121931481,0.7046728971962617,1.69733,2025-10-03 06:27:21,
640,moderate,count_bigram,random_undersample,Logistic Regression (C=0.1),0.8964301989974176,0.6535216993596911,0.5275680997702659,0.8584779706275033,0.6535216993596911,0.9391152149452591,0.7000000000000002,0.9355612942427465,0.7166332665330661,0.7171122994652407,0.716154873164219,1.080563,2025-10-03 06:27:23,
641,moderate,count_bigram,random_undersample,Logistic Regression (C=10),0.8543521190946377,0.5731077471059661,0.4299265197060788,0.859279038718291,0.5731077471059661,0.9121978021978022,0.8500000000000002,0.9094941516026128,0.6579400620048226,0.5771555197421434,0.7650200267022697,2.976264,2025-10-03 06:27:26,
642,moderate,count_bigram,random_undersample,Random Forest (100 trees),0.8753759684034634,0.5992575224697148,0.4725003851486674,0.818958611481976,0.5992575224697148,0.9262150591790481,0.6500000000000001,0.9216466656539571,0.6570022609389546,0.6544780074191839,0.6595460614152203,12.862708,2025-10-03 06:27:38,
643,moderate,count_bigram,random_undersample,Random Forest (200 trees),0.7800698769557952,0.46421434386795946,0.32111406921974195,0.8373831775700935,0.46421434386795946,0.8616372637091687,0.6000000000000002,0.925505088865259,0.6335923490735206,0.7193756362402444,0.5660881174899867,4.105154,2025-10-03 06:27:42,
644,moderate,count_bigram,random_undersample,Naive Bayes,0.8860397994835182,0.6127800144523589,0.49949511948838776,0.7925233644859813,0.6127800144523589,0.9331884651692999,0.8500000000000002,0.9173021418806016,0.6641993584998767,0.6172896124742032,0.7188251001335113,0.156126,2025-10-03 06:27:43,
645,moderate,count_bigram,random_undersample,Naive Bayes (alpha=0.1),0.8863436123348017,0.6137325761486835,0.5003367003367003,0.7935914552736982,0.6137325761486835,0.9333689553833823,0.8500000000000002,0.9172717605954732,0.6642830723708544,0.6170407695831425,0.7193591455273698,0.164034,2025-10-03 06:27:43,
646,moderate,count_bigram,random_undersample,XGBoost,0.9088257633297888,0.6738398000217367,0.5681818181818182,0.8277703604806409,0.6738398000217367,0.9470059510144979,0.7000000000000002,0.9458605499012608,0.7492260061919505,0.792026182683725,0.7108144192256342,1.301569,2025-10-03 06:27:44,
647,moderate,count_bigram,random_undersample,XGBoost (Tuned),0.9089776697554307,0.6701893439013651,0.5701442217643754,0.8128170894526034,0.6701893439013651,0.9472033271067565,0.6500000000000001,0.9451617803433086,0.7465243645555399,0.7873222748815166,0.7097463284379172,2.332833,2025-10-03 06:27:46,
648,moderate,count_bigram,random_undersample,LightGBM,,,,,,,,,,,,,2025-10-03 06:27:46,"Expected np.float32 or np.float64, met type(int64)"
649,moderate,count_bigram,random_undersample,LightGBM (Tuned),,,,,,,,,,,,,2025-10-03 06:27:46,"Expected np.float32 or np.float64, met type(int64)"
650,moderate,count_bigram,smote,Logistic Regression (Balanced),0.8948503721707428,0.6357225555204715,0.5246699096594858,0.8064085447263017,0.6357225555204715,0.9385574038239628,0.8500000000000002,0.9454959744797204,0.738255033557047,0.8137664844001287,0.6755674232309746,9.075441,2025-10-03 06:28:03,
651,moderate,count_bigram,smote,Logistic Regression (C=0.1),0.8900805104055901,0.6251554082055533,0.510749957677332,0.805607476635514,0.6251554082055533,0.9355975648830503,0.8000000000000002,0.9450098739176667,0.7311348781937017,0.8239035821894878,0.6571428571428571,5.9148,2025-10-03 06:28:09,
652,moderate,count_bigram,smote,Logistic Regression (C=10),0.8940908400425338,0.6339773204535909,0.5224087212320471,0.8061415220293725,0.6339773204535909,0.9380883032003694,0.8500000000000002,0.9436427160868904,0.7373637264618434,0.7848101265822784,0.6953271028037383,13.844248,2025-10-03 06:28:23,
653,moderate,count_bigram,smote,Random Forest (100 trees),0.8991341333738417,0.5520777118186724,0.5579492773384238,0.546328437917223,0.5520777118186724,0.9431682015817042,0.45000000000000007,0.8925413945009874,0.560129337147121,0.5242085661080075,0.6013351134846462,540.918528,2025-10-03 06:37:24,
654,moderate,count_bigram,smote,Random Forest (200 trees),0.7794926325383563,0.3969757394483217,0.2881437703533952,0.6379172229639519,0.3969757394483217,0.8650778897274789,0.6000000000000002,0.8427464681756038,0.41619670651928714,0.3602811950790861,0.49265687583444595,70.71239,2025-10-03 06:38:35,
655,moderate,count_bigram,smote,Naive Bayes,0.9236214491873006,0.6455160744500846,0.6838960262922019,0.611214953271028,0.6455160744500846,0.9571997684633458,0.7000000000000002,0.9296065623575878,0.6521543311815042,0.7448559670781894,0.579973297730307,0.319609,2025-10-03 06:38:35,
656,moderate,count_bigram,smote,Naive Bayes (alpha=0.1),0.9236822117575574,0.6453980801806889,0.6846361185983828,0.6104138851802403,0.6453980801806889,0.9572396418479556,0.7000000000000002,0.9297280874981012,0.6523372914474673,0.7462173314993122,0.5794392523364486,0.264273,2025-10-03 06:38:35,
657,moderate,count_bigram,smote,XGBoost,0.9480176211453745,0.7279376689457784,0.8997641509433962,0.611214953271028,0.7279376689457784,0.9712634991014595,0.40000000000000013,0.944523773355613,0.7326500732064422,0.8110210696920583,0.668090787716956,4.943868,2025-10-03 06:38:40,
658,moderate,count_bigram,smote,XGBoost (Tuned),0.942761658818168,0.699137655701054,0.8696861342868494,0.5845126835781042,0.699137655701054,0.9683722804190169,0.45000000000000007,0.9412729758468783,0.7047502672979991,0.8233404710920771,0.6160213618157543,8.732434,2025-10-03 06:38:49,
659,moderate,count_bigram,smote,LightGBM,,,,,,,,,,,,,2025-10-03 06:38:49,"Expected np.float32 or np.float64, met type(int64)"
660,moderate,count_bigram,smote,LightGBM (Tuned),,,,,,,,,,,,,2025-10-03 06:38:49,"Expected np.float32 or np.float64, met type(int64)"
661,aggressive,tfidf_basic,none,Logistic Regression (Balanced),0.9267811028406502,0.7320435846119635,0.6271670794437035,0.8790387182910547,0.7320435846119635,0.9575972974875079,0.7500000000000002,0.9536685401792496,0.7900316673550875,0.8155201819215463,0.7660881174899866,0.742941,2025-10-03 06:39:03,
662,aggressive,tfidf_basic,none,Logistic Regression (C=0.1),0.9149324016405894,0.6986655187257856,0.5851811790156841,0.8667556742323097,0.6986655187257856,0.9504757861968941,0.7000000000000002,0.9471973264469087,0.7524921674736542,0.8062252059810803,0.7054739652870494,0.511788,2025-10-03 06:39:03,
663,aggressive,tfidf_basic,none,Logistic Regression (C=10),0.9255658514355157,0.728742249778565,0.6224702099489313,0.8787716955941255,0.728742249778565,0.9568646783337441,0.8000000000000002,0.9539115904602765,0.7935211651014019,0.8092726263187118,0.7783711615487316,0.738422,2025-10-03 06:39:04,
664,aggressive,tfidf_basic,none,Random Forest (100 trees),0.9320978277381133,0.6125845033801353,0.8730237154150198,0.4718291054739653,0.6125845033801353,0.9627878323704234,0.25000000000000006,0.9348017621145375,0.7203544435757102,0.7034868923390175,0.7380507343124165,120.272771,2025-10-03 06:41:04,
